claim_id,claimant_name,claimant_email,claimant_phone,policy_id,policy_type,policy_start_date,loss_date,loss_description,report_date,claim_amount,policy_limit,claim_as_pct_of_limit,days_to_report,estimated_loss_value,num_previous_claims,repair_vendor,repair_estimate,supporting_docs_count,adjuster_notes,fraud_indicators,is_fraud,fraud_confidence_score
CLM-000001,Donald Walker,rhodespatricia@example.org,001-260-501-3389,POL-182627,umbrella,2025-01-24,2025-12-20,Information last everything thank serve civil institution everyone democratic shake bill here.,2025-12-25,3371.7,100000,3.37,5,3536.31,4,Abbott-Munoz,3930.17,5,Role movie win her need stop peace technology officer.,NONE,FALSE,0.0
CLM-000002,Darren Roberts,wyattmichelle@example.com,575-425-5341x928,POL-793384,auto,2023-11-08,2026-02-06,Here writer policy news range successful simply director allow firm environment.,2026-02-11,4653.48,50000,9.31,5,4126.78,0,Gentry PLC,5382.19,3,Defense material those poor central cause seat much section investment on gun young catch management.,NONE,FALSE,0.0
CLM-000003,Brittany Moore,ycarlson@example.com,+1-878-448-0184x514,POL-482554,auto,2025-01-30,2026-03-15,About reveal rest will seven medical blood personal success medical current.,2026-03-19,6281.5,100000,6.28,4,5694.69,5,Farmer-Ryan,6156.46,8,Truth out major born guy world southern dream drive note bad rule staff within mouth call process water close.,NONE,FALSE,0.0
CLM-000004,Tracey Hickman,jenniferross@example.net,+1-557-587-1331x5098,POL-660086,umbrella,2024-12-23,2025-09-29,Audience piece director town teacher audience.,2025-10-05,2356.65,100000,2.36,6,2000.84,3,Ramirez Group,2311.84,8,Much rich think office drug list imagine behind probably great in tell approach.,NONE,FALSE,0.0
CLM-000005,Amy Chandler,wrightjames@example.com,(362)247-3178,POL-983794,auto,2025-04-10,2025-12-30,Structure why unit support coach magazine degree husband around her world enter.,2026-01-05,11582.05,100000,11.58,6,12121.09,2,Mitchell-Horton,11817.74,3,Product main couple design around save article finish anyone live try most arm meet surface attention attack technology identify.,NONE,FALSE,0.0
CLM-000006,Lauren Williams,barnesbrandy@example.net,343-353-4624x75107,POL-883300,umbrella,2025-04-17,2026-07-29,Defense enter value thing these hard citizen street region particularly would pressure.,2026-08-12,16000,100000,16.0,14,9202.31,5,Contreras PLC,16137.58,3,Use billion there enough threat score choice example decision garden reach table measure economy.,inconsistent_narrative,TRUE,0.14
CLM-000007,Mark Calderon,smithkellie@example.net,727-486-8011x280,POL-214975,auto,2024-08-31,2026-07-04,Camera final together someone team together decide economic bill sister this.,2026-07-09,10376.8,100000,10.38,5,8799.47,5,Dickson-Brady,10653.32,3,Ten wish specific thing agent say forward us soon ten specific environment skin.,NONE,FALSE,0.0
CLM-000008,Shannon Walker,ybailey@example.org,803.765.4145,POL-654816,home,2023-04-11,2024-11-27,Boy wife condition while enter board.,2024-12-01,8250.77,100000,8.25,4,8731.24,0,Reed-Hartman,9109.55,3,Paper memory history office effort remember ability understand Mrs rest score provide hair attorney professional form finish.,NONE,FALSE,0.0
CLM-000009,Elizabeth Parker,snguyen@example.com,+1-823-266-2994,POL-905934,umbrella,2025-05-08,2026-05-21,Expert involve oil pressure let kind degree list top.,2026-05-27,17810.98,100000,17.81,6,14844.84,3,"Jackson, Miller and Robertson",16874.97,3,Friend stand seem pull different current agency each little sure authority increase picture create recent manager during prevent accept seem.,NONE,FALSE,0.0
CLM-000010,Jeffery Thompson,pwilliams@example.org,927.488.9579x868,POL-624902,auto,2024-09-22,2026-03-25,Late seem style everyone sing machine dream key require doctor from throw.,2026-03-31,17641.21,50000,35.28,6,18942.93,5,Taylor and Sons,17456.57,8,Really relationship ask imagine my indeed deal information toward once receive task she herself accept goal.,NONE,FALSE,0.0
CLM-000011,Tiffany Barnes,tracynelson@example.com,2658627298,POL-899550,auto,2024-08-08,2026-03-13,North agree poor career left anyone here deep force seven here sell story.,2026-03-18,12570.43,50000,25.14,5,13652.11,4,Conley-Ruiz,14777.14,7,Appear weight difference attention whatever American all easy stuff perform draw list boy way let eight hard paper white.,NONE,FALSE,0.0
CLM-000012,Carla Collins,hickmanbarbara@example.com,(831)793-1491x9058,POL-480612,home,2025-05-17,2026-02-16,Media game support state black whether.,2026-02-19,10283.51,50000,20.57,3,8405.51,4,"Snow, Stevens and Hernandez",12176.55,3,Safe whole establish space Mrs low itself room environmental system store beautiful.,NONE,FALSE,0.0
CLM-000013,John Bishop,frogers@example.com,(273)554-5494,POL-897549,umbrella,2024-03-23,2026-06-15,Drop image new drive live Republican large.,2026-06-21,10233.82,50000,20.47,6,8573.16,5,Davis and Sons,10669.62,7,Reality fill ok list most international second former reflect even edge building court build movie several.,NONE,FALSE,0.0
CLM-000014,John Hardy,tina34@example.org,(924)308-2400x842,POL-543692,auto,2022-05-17,2025-01-22,Off light key continue anything wait.,2025-01-24,6036.08,100000,6.04,2,5805.43,5,Wilson-Jones,6681.7,8,Available picture approach chance none fight yes budget share paper so difficult mission late kind team wrong figure.,NONE,FALSE,0.0
CLM-000015,Natalie Meza,colleenbaker@example.org,(932)681-2067,POL-491559,home,2023-04-30,2025-12-06,Discuss religious reflect law reach under.,2025-12-09,8580.85,100000,8.58,3,8197.05,0,"Lawrence, Lara and Gonzalez",8360.94,3,Name positive training step author coach film see notice eye buy.,NONE,FALSE,0.0
CLM-000016,Terri Mason,mkim@example.org,(959)940-1399x04902,POL-717024,auto,2025-12-19,2026-01-25,Consider one play man before girl four prove tax.,2026-01-28,1399.65,100000,1.4,3,1149.53,5,Jenkins-Simpson,1284.41,3,Spend nearly lawyer fire follow wife identify method write price my including could gun series personal.,NONE,FALSE,0.0
CLM-000017,Joshua Pennington,fgilmore@example.org,3935248086,POL-349565,home,2024-04-02,2026-03-18,Left brother strategy marriage respond meeting event.,2026-03-19,17333.07,50000,34.67,1,16390.57,4,Baird-Sanchez,16287.77,7,Certain course out second carry attorney significant take future skin environment able rise study oil process tend land machine.,NONE,FALSE,0.0
CLM-000018,Jamie Cantu,tinaallen@example.com,260.457.6627,POL-946721,home,2024-09-28,2025-05-10,Whole forward beyond suddenly between treat address century that wide avoid sit.,2025-05-15,9980.75,100000,9.98,5,8267.03,5,Morgan-Schwartz,10273.34,6,System system teacher here first responsibility service their along attention.,NONE,FALSE,0.0
CLM-000019,Yolanda Francis,wgood@example.net,001-817-424-0050x455,POL-806073,umbrella,2024-01-23,2025-12-14,Most not society color bad that people drive tree.,2025-12-18,9873.47,100000,9.87,4,8190.29,3,Hall Ltd,11043.12,3,Least project together let explain national available war write federal while real lead.,NONE,FALSE,0.0
CLM-000020,Dr. Ashley James MD,victoria40@example.net,(640)490-9743x9533,POL-246991,home,2024-09-12,2025-04-17,Best physical always small almost half capital travel force indeed customer skill theory hand.,2025-04-19,4640.21,100000,4.64,2,4099.92,1,"Mcintyre, Rivas and Scott",5393.53,3,Whose far that sound life away senior difficult put purpose however suffer newspaper bed house enough buy happy.,NONE,FALSE,0.0
CLM-000021,James Little,daniel37@example.org,+1-285-693-1746x120,POL-202664,auto,2024-04-12,2026-03-10,Break doctor Mr home he we recent music onto risk those pressure.,2026-03-14,16352.42,100000,16.35,4,17984.14,0,Gilbert-Crosby,19470.81,4,Allow have kitchen wear talk between rate name within grow huge couple business summer.,NONE,FALSE,0.0
CLM-000022,Maria Harper,williamsmatthew@example.org,001-431-283-9335,POL-520521,auto,2025-01-21,2025-08-07,Teach certain candidate economy company produce ago address so.,2025-08-09,8721.87,50000,17.44,2,7969.1,3,Chapman Inc,8543.6,6,Enter camera inside box as large gun order later develop past road.,NONE,FALSE,0.0
CLM-000023,Elizabeth Schneider,browntimothy@example.com,(717)871-1592x12499,POL-921414,umbrella,2024-07-28,2026-07-05,Most law painting between reduce table prepare shoulder result Democrat later direction fund.,2026-07-08,9037.14,100000,9.04,3,9177.42,1,Ross-Blair,8648.27,4,Interview professor hear check type attack story behavior benefit school speech news only no form.,NONE,FALSE,0.0
CLM-000024,Maurice Christensen,schmittcaroline@example.com,798-332-7315,POL-884309,home,2024-09-10,2024-12-07,Off southern suddenly window stand party poor ago upon.,2024-12-08,12004.43,100000,12.0,1,9784.12,3,"Adams, White and Park",12614.92,7,Tv go consider century price attorney scientist will begin most heavy law church find.,NONE,FALSE,0.0
CLM-000025,Linda Ware,ericwilliamson@example.net,547-367-9764,POL-539589,umbrella,2023-08-16,2025-05-04,Involve exist question main project animal house out account feeling.,2025-05-15,20000.0,50000,40.0,11,12994.3,4,Saunders LLC,23608.24,4,Foreign account section compare herself region matter street south author technology amount affect TV.,short_policy_coverage,TRUE,0.12
CLM-000026,Laura Mckinney,zroberts@example.org,829-675-1613x69681,POL-515011,auto,2024-06-14,2026-06-01,Develop single baby plan most create simply go when population.,2026-06-07,14607.64,50000,29.22,6,14514.88,3,Young and Sons,14532.46,3,Culture own set pretty concern significant management senior service large under north play.,NONE,FALSE,0.0
CLM-000027,Lori Hernandez,harrisoncrystal@example.com,001-205-781-4770,POL-974244,umbrella,2023-11-20,2025-12-09,Baby ten talk past medical leg never social time.,2025-12-10,25000,100000,25.0,1,18096.14,2,Stout-Armstrong,27508.97,5,Focus little character artist billion tonight gas research mean common easy just.,multiple_claims,TRUE,0.15
CLM-000028,Caitlin Watson,paul59@example.org,+1-451-751-8644x9251,POL-377312,auto,2022-12-29,2025-07-27,Whose recognize hot organization visit finally heavy social spend.,2025-08-02,2968.14,100000,2.97,6,2469.82,4,"Warner, Valentine and Osborn",2809.74,5,Behavior provide meet adult final week game she court yourself choice fast small medical music school money product then.,NONE,FALSE,0.0
CLM-000029,Brittany White,jenniferwilliams@example.com,+1-937-994-7383x47359,POL-820892,umbrella,2023-06-15,2025-12-04,Sing me industry class current painting their appear lose.,2025-12-09,5001.96,50000,10.0,5,4397.7,3,Spencer-Garcia,4878.59,3,Surface expect several evening town challenge join watch develop later glass ago apply maybe dog yes heart agreement.,NONE,FALSE,0.0
CLM-000030,Marie Moody,benjaminlowery@example.com,001-827-379-0104x328,POL-672092,auto,2024-02-18,2026-07-21,Down business draw police performance artist student matter movie.,2026-07-27,22000,50000,44.0,6,15476.29,3,"Robertson, Allen and Thomas",22636.59,1,Ability good number cost property model guess well name skill medical after them analysis hit health section.,inflated_loss_value,TRUE,0.18
CLM-000031,David Sandoval,ingramjill@example.com,(405)385-2772,POL-141832,home,2024-09-25,2025-05-28,Already cut social though firm financial huge spring list already positive.,2025-05-31,7928.38,100000,7.93,3,7965.01,5,Kelly-Norman,7380.04,7,Event son join hundred keep what fund cost reality happen something entire bar interesting issue.,NONE,FALSE,0.0
CLM-000032,Edward Garcia,donna47@example.net,001-362-875-7059x640,POL-920391,home,2024-05-08,2026-09-06,Message seek civil all support question just call door population.,2026-11-02,24000,100000,24.0,57,14981.79,3,Reyes-Bradley,23521.0,2,Check last he know baby case happen fire everything whether ago control military trial brother simple region Democrat partner really.,inflated_loss_value,TRUE,0.18
CLM-000033,Chad Jones,rachelwallace@example.org,+1-555-418-8442x25831,POL-333238,auto,2024-04-25,2026-09-08,So ago network hard sound necessary partner beat finally.,2026-09-12,17571.17,100000,17.57,4,18898.42,2,"Higgins, Fox and Hammond",17422.82,4,Available win politics last quite general there sister policy consider whom item treat area buy check clearly follow remember.,NONE,FALSE,0.0
CLM-000034,Stephanie Singleton,james84@example.org,+1-749-281-8299x2299,POL-444207,home,2022-11-16,2025-05-19,Ball we side enough decision occur.,2025-05-21,1449.62,50000,2.9,2,1189.89,2,"Fowler, Jimenez and Burton",1457.37,7,Politics few each southern image law read citizen indeed less future century technology floor.,NONE,FALSE,0.0
CLM-000035,James Hodges,floressteven@example.com,732.510.4696x325,POL-447235,auto,2026-04-06,2026-09-01,Marriage method material final age war measure whom.,2026-09-05,13910.84,100000,13.91,4,14788.77,2,Aguilar Inc,13264.96,5,Example our successful pull experience account blue care enough.,NONE,FALSE,0.0
CLM-000036,Andrew Williams,michaelroberts@example.com,478.549.9121x65585,POL-863934,home,2024-02-13,2025-06-03,Meeting matter and case four listen lead paper middle foreign party class wrong.,2025-06-04,3059.65,50000,6.12,1,3004.16,4,"Kirby, Wheeler and Romero",2859.84,7,Mother remember feel staff happy purpose woman on someone rise read ago listen whose situation simply officer return.,NONE,FALSE,0.0
CLM-000037,Mark Harvey,rhernandez@example.org,8915307562,POL-101773,umbrella,2023-03-08,2025-11-09,Maybe particularly likely summer road relationship million night your long heavy.,2025-11-11,5839.73,100000,5.84,2,6084.73,5,Stevens PLC,6516.14,8,National put test race sound enough machine whatever everything fear walk word side relate real.,NONE,FALSE,0.0
CLM-000038,Justin Michael,keith98@example.com,(652)640-4157x4733,POL-173372,umbrella,2023-01-03,2025-09-01,Body scientist dream anything toward difficult do.,2025-09-07,13741.94,50000,27.48,6,12354.83,2,Gutierrez Ltd,15102.62,3,Beyond side accept nearly upon imagine various there local current white fly position traditional become off movement rich.,NONE,FALSE,0.0
CLM-000039,Carrie Khan,sarahjohnson@example.com,924.400.4991x5478,POL-799287,home,2025-07-26,2026-07-25,Life cover both class learn either control say so nothing serious compare.,2026-07-31,18100.89,100000,18.1,6,16665.85,2,"Prince, Wilcox and Robertson",19301.41,4,Husband believe word local very according himself land environment form.,NONE,FALSE,0.0
CLM-000040,Deborah Ward,bryanwilson@example.com,(568)441-4593,POL-884475,auto,2024-01-18,2025-11-08,Check security paper indeed near likely Mr professional despite easy senior their.,2025-11-12,13633.66,50000,27.27,4,13234.62,3,Fox PLC,14511.41,3,Back nor article natural measure of change foreign minute break day on before member speak.,NONE,FALSE,0.0
CLM-000041,Joyce Brown,tchambers@example.net,7643039106,POL-708158,umbrella,2023-09-06,2025-08-06,Yes various attorney value all important shoulder she within position inside year.,2025-08-09,6451.36,50000,12.9,3,5784.77,3,West-Stark,6661.98,4,Heart radio product much president girl condition Mr more road development about age fear pull name.,NONE,FALSE,0.0
CLM-000042,Danielle Reed,jacob10@example.net,(890)933-1190x79030,POL-934692,umbrella,2025-03-13,2025-10-02,Music senior simply cell year doctor trouble office.,2025-10-07,9990.54,100000,9.99,5,9967.11,2,"Harper, Chambers and Flores",10536.38,8,Then worry miss including every news option same compare quickly new another general poor.,NONE,FALSE,0.0
CLM-000043,Melissa Russell,nicholas87@example.org,442.870.8668,POL-887625,auto,2023-06-27,2025-06-14,Effort form bad last he movie stop appear help.,2025-06-19,7368.58,100000,7.37,5,6581.07,1,"Morrison, Russo and Lopez",6957.46,3,Right next look thank four whatever address view while bring yourself look drug page daughter trip need simply herself move.,NONE,FALSE,0.0
CLM-000044,Jose Crawford,langjennifer@example.com,655.860.9320,POL-916232,home,2024-09-17,2025-05-29,Charge form here street material pressure range either start.,2025-06-14,17000,100000,17.0,16,13021.51,5,"May, Henry and Jackson",15556.11,4,College result major true my politics arrive almost suggest war property share include successful discuss.,short_policy_coverage,TRUE,0.12
CLM-000045,Jonathan Brooks,bhopkins@example.org,+1-286-800-8484,POL-587213,umbrella,2024-07-14,2026-02-07,Blood benefit chance court money spring environment however.,2026-02-14,3305.81,50000,6.61,7,3624.38,4,Chung-Stevens,3289.91,6,Wrong difficult range summer president teach service behavior here need argue act commercial.,NONE,FALSE,0.0
CLM-000046,Richard Knight,jacobsonsamantha@example.org,297.440.1489,POL-547470,umbrella,2024-05-11,2025-09-09,Administration debate certain star start up federal nor note support.,2025-09-14,16485.12,100000,16.49,5,17625.27,5,"Mosley, Rivera and Campos",19097.16,6,So ready bad seat generation best discussion away painting pass other.,NONE,FALSE,0.0
CLM-000047,Mark Bowers,whenry@example.net,(862)496-1943x1142,POL-390782,umbrella,2025-03-10,2026-08-18,First blood accept final growth especially car cost large never.,2026-08-21,15283.76,100000,15.28,3,15100.73,2,Garcia-Davis,15772.26,8,Behavior our foot history factor hold be top toward within occur college herself catch feeling manage as itself inside.,NONE,FALSE,0.0
CLM-000048,David Wright,mwheeler@example.com,924-706-5965,POL-666390,auto,2025-03-10,2025-08-28,Spring teacher wind carry fly water cut fire who why fact.,2025-08-31,5455.38,50000,10.91,3,4611.16,3,"Chen, Faulkner and Casey",6045.57,8,Heavy staff hotel box nor or nation race nearly well left remain just fact realize.,NONE,FALSE,0.0
CLM-000049,Jennifer Porter,john26@example.com,279-779-6886,POL-668969,home,2025-01-30,2026-04-30,Order trial body eat professor coach partner none population position whom former.,2026-05-02,2220.35,50000,4.44,2,1817.76,3,Rodriguez-Garcia,2257.75,7,Member million oil offer knowledge hospital sign open matter general agency bit indeed.,NONE,FALSE,0.0
CLM-000050,Todd Thomas,matthew38@example.com,(371)477-5140x105,POL-703655,home,2025-03-13,2026-08-13,Might necessary former interview left something picture control price.,2026-08-19,1371.11,100000,1.37,6,1099.31,2,Johnson-Mendez,1356.83,6,Last involve above Democrat everything region somebody officer son Mr hand culture.,NONE,FALSE,0.0
CLM-000051,Katherine Church,candice96@example.net,355-479-2499,POL-664365,umbrella,2022-10-11,2024-12-01,Brother figure consumer really memory industry case himself control player.,2024-12-08,17941.19,100000,17.94,7,17292.43,4,"Ellison, Arias and Thompson",20979.41,6,Majority cell fire late approach grow act carry spring white measure manager.,NONE,FALSE,0.0
CLM-000052,Ryan Burns,cunninghamlaura@example.org,304-638-4279x7881,POL-507746,home,2024-02-08,2026-01-22,Statement happen state among rest national wrong bill stop seem fear yourself.,2026-01-24,6185.77,50000,12.37,2,6208.92,3,Baker-Atkins,6911.08,6,Keep yes simply down specific onto go represent plan coach.,NONE,FALSE,0.0
CLM-000053,Daniel Brown,amanda98@example.org,444-794-8126x04223,POL-513160,umbrella,2023-04-22,2024-12-19,Seven put majority officer environmental increase later plant they.,2024-12-21,19633.72,100000,19.63,2,19612.12,0,Powell Ltd,21456.22,4,Reason theory lawyer maintain old than suggest behavior will play recently sure somebody huge.,NONE,FALSE,0.0
CLM-000054,Kathleen Morris,matthew92@example.net,550.401.7012x7706,POL-497519,home,2025-12-14,2026-08-17,City usually ever pressure economy head tough close how.,2026-08-24,9772.27,50000,19.54,7,9150.85,2,Barber-Fischer,11026.73,6,Pretty region ability live car difficult quite act receive stage write institution car audience him room bill.,NONE,FALSE,0.0
CLM-000055,Breanna Ayala,darlenebyrd@example.org,390.492.7532x69731,POL-364525,auto,2023-12-02,2025-04-26,Operation himself white fire cause everybody base.,2025-04-29,15288.19,100000,15.29,3,12319.45,4,"Burke, Griffith and Mitchell",13998.26,5,Summer probably feeling military meeting security far approach today.,NONE,FALSE,0.0
CLM-000056,Brian Porter MD,hatfieldsarah@example.org,(596)258-2710x9104,POL-783414,auto,2024-05-27,2026-08-07,We huge expert Republican short interest.,2026-08-09,13352.74,100000,13.35,2,10806.49,1,Miller-Herrera,12816.07,3,Check base bad TV window choice force only shake power poor financial join well draw each under break partner area.,NONE,FALSE,0.0
CLM-000057,Casey Smith,jacquelinemartin@example.com,684.325.2410x56481,POL-801978,auto,2024-05-11,2026-01-08,Lawyer growth matter note happy effort bill off reveal direction meeting analysis.,2026-01-13,3895.26,50000,7.79,5,4223.74,3,Sanchez Group,4323.11,5,Him change use tax need trial scientist information focus indicate result even back head maybe.,NONE,FALSE,0.0
CLM-000058,Robert Jarvis,djones@example.com,001-945-718-7053x49493,POL-853252,auto,2024-03-26,2026-06-30,Will young simply run national somebody character usually agency must player really act.,2026-07-02,12511.96,100000,12.51,2,13084.89,2,Smith-Sandoval,11666.52,3,Billion morning draw man art young Republican behavior TV today mind red head window.,NONE,FALSE,0.0
CLM-000059,Casey Wilkins,vargasbryan@example.net,(634)545-6557,POL-493537,home,2022-02-20,2024-11-10,Want carry show board black last.,2024-11-13,11940.14,100000,11.94,3,12113.32,0,Russell-Herrera,12867.05,8,Later leg system bed space fight relate owner Democrat task chance represent.,NONE,FALSE,0.0
CLM-000060,Anthony Evans,anthonysullivan@example.com,+1-283-517-1210,POL-991597,umbrella,2024-11-11,2026-08-17,Cup hundred rather visit base only true.,2026-08-19,2936.12,100000,2.94,2,3058.43,4,Johnson Inc,3331.88,5,Total kitchen can toward stop former amount leave collection off start house.,NONE,FALSE,0.0
CLM-000061,Carrie Lewis,joshuagriffin@example.org,9992934768,POL-630538,umbrella,2023-09-17,2024-09-30,Evidence case current this moment piece soon.,2024-10-05,9139.18,50000,18.28,5,7346.03,3,Mayo Ltd,10479.89,3,Look sit general not focus establish ago others ahead specific exactly speak line group once.,NONE,FALSE,0.0
CLM-000062,David Allen,gallagherstacie@example.net,(452)523-9559x0599,POL-968962,home,2023-02-03,2025-02-26,My compare also argue own after long forward pass southern future concern.,2025-03-02,19254.96,100000,19.25,4,16287.72,1,Brown-Hernandez,21568.22,8,Similar suffer team whether health walk how big few carry church.,NONE,FALSE,0.0
CLM-000063,Toni Banks,jasminehoffman@example.net,(239)426-4422x096,POL-912270,home,2025-03-15,2026-08-03,Fish speak particularly policy bit many former back get floor player white start.,2026-08-06,12702.33,100000,12.7,3,11821.71,5,"Fowler, Tanner and Griffin",13689.84,5,Decide really go skin result answer just information coach increase think goal heart.,NONE,FALSE,0.0
CLM-000064,Laura Chang,franciscojones@example.org,705-941-1526x2181,POL-392477,home,2025-08-01,2026-05-07,Issue president parent its approach former.,2026-05-14,5664.41,100000,5.66,7,5806.83,4,Ortiz PLC,6135.12,6,Enter example down anyone occur style child guess into far product outside current agent color factor bank such final.,NONE,FALSE,0.0
CLM-000065,Matthew Davis MD,nathanjames@example.org,304.777.4349x021,POL-290672,home,2024-10-22,2025-06-26,Including series dinner article hit mission whole reach view of dog federal.,2025-06-29,1545.3,100000,1.55,3,1400.73,2,Orr-Klein,1548.55,7,Number might number work challenge we last we cold deep cover amount bad raise dark state challenge organization.,NONE,FALSE,0.0
CLM-000066,Renee Miller,rarnold@example.net,309.398.6162x299,POL-641722,auto,2025-01-03,2025-04-30,Single size test they there enough pressure occur list common idea peace race.,2025-05-06,17722.04,100000,17.72,6,15460.83,3,Williams-Preston,18547.41,4,Real any little environmental head full soldier financial successful teach range win direction feel season.,NONE,FALSE,0.0
CLM-000067,Nicholas Jacobs,lopezjason@example.com,001-278-450-8214x8628,POL-569945,auto,2025-11-23,2026-03-28,Themselves customer arm almost anything growth current happy.,2026-04-03,10045.77,100000,10.05,6,8923.36,3,Wagner-Reid,11126.05,5,Race drop major land whether listen necessary general study else store.,NONE,FALSE,0.0
CLM-000068,Anthony Nash,mercedesholland@example.net,246.580.0722,POL-656711,home,2023-08-07,2024-11-14,Part wall require remember every time surface learn design.,2024-11-20,12049.56,50000,24.1,6,13242.34,4,Byrd-Holloway,12040.37,8,Once account yourself whom style no order executive range loss from everybody foot everybody prevent weight.,NONE,FALSE,0.0
CLM-000069,Joseph Allen,trujilloleah@example.net,(552)707-4466x6099,POL-226516,umbrella,2025-05-16,2025-12-29,Rather point little wait grow feel color price.,2026-01-02,6147.41,50000,12.29,4,5499.87,5,"White, Davis and Anderson",6520.92,8,Rise next tree water tonight pressure develop development the inside thought he one.,NONE,FALSE,0.0
CLM-000070,Anthony Walters,kennedyjames@example.org,+1-768-446-0223x56972,POL-389930,umbrella,2023-11-20,2025-08-14,Maintain piece computer play above event seven.,2025-08-16,4639.28,100000,4.64,2,5070.65,4,Johnston and Sons,5005.96,3,Size sister can its investment investment local above move room wear throughout series most adult above safe difficult.,NONE,FALSE,0.0
CLM-000071,Brian Gordon,gary04@example.com,889.285.6257x532,POL-288158,home,2026-04-29,2026-06-12,Difference world deep against mean but represent society.,2026-06-19,4688.23,50000,9.38,7,4746.39,1,Mcdowell-Scott,4605.22,3,Perhaps order answer blue structure answer break know buy education reduce day rate act inside big minute performance red.,NONE,FALSE,0.0
CLM-000072,Kayla Williamson,daniel17@example.org,+1-534-983-5642x087,POL-768854,home,2025-02-27,2025-07-12,Doctor actually become book off management we single avoid rich.,2025-07-17,6550.6,100000,6.55,5,6955.53,4,Newman-Bryant,6454.32,6,Enough anyone spend them system growth quality international break surface three act catch positive.,NONE,FALSE,0.0
CLM-000073,Tina Adams,watsonmatthew@example.org,(867)946-7621x2021,POL-364742,home,2024-12-12,2025-05-07,Question consider here grow agreement range stuff wind candidate turn both in animal.,2025-05-11,7473.41,100000,7.47,4,7821.93,3,Pena-Smith,7828.58,7,Should office north within prove full mission red believe product eat generation put his stuff next write approach poor.,NONE,FALSE,0.0
CLM-000074,Sarah Booth,waltonmalik@example.com,908-338-6631x779,POL-950544,umbrella,2024-01-26,2025-01-01,Language budget market president bill include news a before page people fight.,2025-01-07,14042.57,50000,28.09,6,11592.9,1,"Hart, Pena and Bryant",13137.32,6,Guy approach development lawyer nice people list price respond box service develop game stop who.,NONE,FALSE,0.0
CLM-000075,Michaela Williams,travisunderwood@example.net,001-361-849-3316x3735,POL-913373,umbrella,2024-02-16,2025-04-10,Unit study open sign late probably.,2025-04-15,12326.41,100000,12.33,5,11527.1,3,"Taylor, Porter and Moreno",12193.36,7,Network item one under sit travel reality community spring.,NONE,FALSE,0.0
CLM-000076,Lisa Morris,mbarnes@example.net,001-734-565-4722x69848,POL-739244,umbrella,2024-07-15,2024-11-23,Decide research rather TV car report window concern.,2024-11-27,6802.22,100000,6.8,4,7375.49,1,"Benson, Morris and Wilson",7398.47,5,No old wall report purpose throw move there institution actually blood herself apply argue environment.,NONE,FALSE,0.0
CLM-000077,Miss Brianna Brown,james80@example.com,819.883.8638x406,POL-678805,auto,2025-09-28,2026-04-06,Whole approach season data than team kitchen difficult plant remember.,2026-04-12,2542.56,50000,5.09,6,2036.09,3,Fischer-Payne,2814.13,6,Cultural right cover large work avoid while same budget American evidence enough claim suffer accept letter visit always up others.,NONE,FALSE,0.0
CLM-000078,Sarah Turner,charles58@example.org,(381)782-6886,POL-396451,umbrella,2023-09-30,2026-03-28,Third professional former family wear peace little no.,2026-03-31,1620.16,50000,3.24,3,1516.81,5,"Smith, Caldwell and Griffin",1571.6,5,Truth during always those high someone box either rich agency might side method meet main fast prepare fly bank benefit.,NONE,FALSE,0.0
CLM-000079,Kim Sims,ellenayala@example.net,(413)686-1207x50110,POL-942956,auto,2025-05-12,2026-08-20,Audience start treat imagine later identify first hope brother accept result as second.,2026-08-27,16033.71,100000,16.03,7,13379.05,1,Haynes Inc,17545.54,5,Up blood skin feeling beat she join house produce listen mouth carry hospital something nation.,NONE,FALSE,0.0
CLM-000080,Michael Sloan,susan08@example.net,(310)609-9688,POL-931131,home,2024-11-10,2026-08-11,Security tough gas include position mention claim determine.,2026-08-18,3702.49,50000,7.4,7,3793.89,4,Lee-White,4355.45,6,System surface usually yes leave near fact attack better rise maintain former campaign pretty beyond people too fish late.,NONE,FALSE,0.0
CLM-000081,Kevin Cunningham,lindsey62@example.org,333-464-5257x77547,POL-522060,home,2024-06-09,2025-12-03,Bank exactly step through cultural safe phone road throughout support place spend often.,2025-12-04,9905.26,50000,19.81,1,9528.81,3,"Lewis, Johnson and Green",9153.77,3,Line simple hand development sign run fact let member however maybe production summer southern pass coach method land condition.,NONE,FALSE,0.0
CLM-000082,Tracy Fitzgerald,ccrosby@example.org,001-273-214-5303x85677,POL-127121,auto,2025-11-12,2026-08-03,Billion why plant event score official now heavy her onto.,2026-08-07,14956.14,100000,14.96,4,16280.86,4,Black Group,16094.85,3,Might good test main lot page maybe catch close baby poor deep cost.,NONE,FALSE,0.0
CLM-000083,Bailey Hall,jennifer77@example.com,492.460.3029,POL-142185,auto,2024-01-06,2025-05-31,Mention three chair coach two might if wide point these road start water describe.,2025-06-07,13773.35,50000,27.55,7,13163.04,3,"Haney, Dillon and Jackson",16181.23,4,Over some star consider process enough right garden law opportunity discover history board dark teacher mean.,NONE,FALSE,0.0
CLM-000084,Brent Alvarez,richamanda@example.org,772-298-0686,POL-195674,home,2024-06-21,2025-07-12,Investment voice lot shoulder go source traditional student office international effort she.,2025-07-17,9281.81,100000,9.28,5,8562.51,2,Campbell PLC,10219.64,4,Election accept season according mission mind heart day sound impact blood international one end movie north.,NONE,FALSE,0.0
CLM-000085,Jennifer Harris DDS,jwhite@example.net,844.795.6213x7213,POL-794769,home,2023-07-21,2025-11-30,Pass range appear home player source statement likely outside because enjoy he participant.,2025-12-03,8821.26,50000,17.64,3,9069.58,0,"Cruz, Joyce and Mendez",9142.78,5,Expert white arm similar compare manager action sure us million crime six member recognize past purpose growth pretty.,NONE,FALSE,0.0
CLM-000086,Donald Ross,msullivan@example.net,6115848955,POL-523808,umbrella,2024-04-01,2026-08-23,White lawyer identify above company media next me future bring message election Mrs.,2026-08-26,7142.2,100000,7.14,3,7830.96,5,"Wright, Ramos and Bennett",8290.74,6,Show serious which learn leave only agree break attack plant yes quality discover firm western might act strategy.,NONE,FALSE,0.0
CLM-000087,Michael Nicholson,spencergregory@example.com,(539)542-3733x343,POL-752878,home,2023-05-09,2025-03-09,Student green single build bad what manage according tax.,2025-03-13,2029.88,100000,2.03,4,1893.09,0,Charles LLC,1950.85,7,Firm together thing off ever consumer share memory huge seek campaign moment institution vote allow girl team simply lead build.,NONE,FALSE,0.0
CLM-000088,Adam Craig,ucarpenter@example.com,+1-942-884-3479x552,POL-832168,home,2025-04-21,2025-09-22,Industry sell half hundred late number without rather.,2025-09-24,18625.78,50000,37.25,2,15061.94,5,Le and Sons,20165.41,4,It herself certainly where change south computer matter yet support military result size feel no nothing huge real art.,NONE,FALSE,0.0
CLM-000089,Mark Cole,jordan58@example.net,650-761-5939x982,POL-633590,umbrella,2025-06-21,2026-04-26,Pull maintain say threat high expert place certain cold space.,2026-06-11,20000.0,50000,40.0,46,13799.82,5,Fisher-Salazar,23881.47,4,Support author class direction first fact environment popular even know television guy only whole including contain.,missing_documentation,TRUE,0.1
CLM-000090,Mary Shepard,clarkrandy@example.org,678-400-6811,POL-728492,umbrella,2022-07-24,2024-09-25,Pressure those finally easy exist phone capital.,2024-09-29,11474.04,50000,22.95,4,12206.06,0,Johnson Ltd,11277.54,6,Team foot live window music evening know wide recently computer our piece player nor model.,NONE,FALSE,0.0
CLM-000091,Gregory Fernandez,ramosmichael@example.com,(240)908-2547,POL-960408,auto,2025-02-04,2025-12-20,Federal she something others someone nature country think join economic resource position.,2025-12-23,18750.72,100000,18.75,3,19084.77,4,Walker-Miller,20137.84,8,Dream share travel space range expect sea speak include table consumer face PM pay evening performance could affect anyone movement control.,NONE,FALSE,0.0
CLM-000092,Mike Acosta,christophersmith@example.org,964-475-7051x20461,POL-607868,home,2023-11-18,2024-11-22,Time economic high actually window research his window.,2024-11-26,17439.95,50000,34.88,4,16839.58,4,Rojas Inc,17669.51,5,Leave side miss word list race fine follow pick among visit minute.,NONE,FALSE,0.0
CLM-000093,Christina Clay,teresayoung@example.com,702-349-1630x09792,POL-699573,home,2024-06-17,2025-03-13,Citizen before peace us young personal art popular red.,2025-03-20,4584.4,100000,4.58,7,4844.81,3,Martinez and Sons,4185.99,8,Word small series south just cover ready group care together magazine join far recent couple.,NONE,FALSE,0.0
CLM-000094,Nicholas Hill,caseymoore@example.com,585-770-8620x959,POL-986088,home,2024-09-13,2025-01-23,Probably much hold model marriage necessary.,2025-02-23,21000,50000,42.0,31,13856.17,5,"Campbell, Ortiz and Morris",18996.69,3,Model at strong candidate them dark magazine better number student.,missing_documentation,TRUE,0.1
CLM-000095,Meredith Scott,jeffrey10@example.org,+1-271-370-5865x0948,POL-432043,umbrella,2023-11-29,2026-01-02,Back democratic mind big discuss history cover prevent now.,2026-01-29,24000,50000,48.0,27,13853.11,5,Hansen PLC,27881.16,1,Second short office purpose reflect interview bit society nearly measure price move outside value total nearly.,missing_documentation,TRUE,0.1
CLM-000096,Jennifer Schultz,charlene98@example.org,(484)657-7600x4908,POL-401338,auto,2024-07-05,2026-09-07,Feel develop talk against state ready.,2026-09-12,2299.99,100000,2.3,5,1902.35,0,Ellison-Dixon,2594.64,8,Unit choice also green catch happen old do specific begin hundred truth safe rich society common stay ready office.,NONE,FALSE,0.0
CLM-000097,Elizabeth Cross,dmiller@example.com,(766)413-9060x480,POL-414012,auto,2026-04-18,2026-07-04,Maybe determine anything rule hotel knowledge organization measure develop face.,2026-07-11,2909.64,50000,5.82,7,2610.86,0,Hernandez-Rogers,2874.75,5,Number any human be maybe similar candidate care nice maintain present cultural pattern save east author since food.,NONE,FALSE,0.0
CLM-000098,Michael Henderson,james59@example.net,2425597927,POL-693418,umbrella,2024-03-27,2026-07-16,Rate choose rock beat science drug per challenge.,2026-07-20,3765.83,100000,3.77,4,3216.08,1,Smith-Benson,3478.46,6,Figure likely forward science deep national seek nature performance yeah reason.,NONE,FALSE,0.0
CLM-000099,Taylor Rose,george43@example.net,+1-840-570-1645x104,POL-563187,home,2024-04-19,2026-01-10,Meet report tough machine others because current whom night Republican.,2026-02-19,15000,100000,15.0,40,10873.56,5,Wright PLC,16606.41,8,Four hotel church get goal personal door within may speech personal these three spring.,short_policy_coverage,TRUE,0.12
CLM-000100,Diana Hernandez,fsandoval@example.net,(489)536-3926x4957,POL-994787,home,2024-05-14,2024-09-30,Ok range dark catch read together travel.,2024-10-07,6740.31,100000,6.74,7,5871.9,4,Forbes-Daugherty,6792.13,5,Prevent north citizen attack mouth rest contain style certainly ahead five.,NONE,FALSE,0.0
CLM-000101,Elizabeth Reese,edwin31@example.org,(509)594-9993,POL-790203,home,2025-10-14,2026-08-21,Grow read live maybe painting Republican.,2026-08-27,6609.38,100000,6.61,6,5303.56,5,White-Hughes,7491.69,3,Case cover allow share address establish including score write serious at until worry term majority foot leader east.,NONE,FALSE,0.0
CLM-000102,Nicolas James,phillip99@example.net,208.517.7038x86086,POL-400096,auto,2023-09-19,2025-07-01,Keep this similar experience coach family try ready tough.,2025-07-06,15158.27,100000,15.16,5,15773.39,1,Gallegos-Hayes,16537.45,7,Both single visit receive career including late condition opportunity Republican dark lawyer economic reality trade someone responsibility but.,NONE,FALSE,0.0
CLM-000103,Jack Mills,gacosta@example.net,(468)460-2592,POL-791201,umbrella,2022-06-27,2024-12-01,Shoulder anything final role which eye Congress together.,2024-12-04,13877.52,100000,13.88,3,11671.46,0,Smith LLC,16250.87,8,Learn talk myself accept third down open little improve.,NONE,FALSE,0.0
CLM-000104,Dana Kelley,brandonhernandez@example.net,(402)409-9451x016,POL-656639,umbrella,2022-03-17,2024-11-06,Particularly reality organization skin concern lay often use behavior.,2024-11-09,15000.0,50000,30.0,3,11000.97,3,Morris-Merritt,14656.37,8,Serve successful assume likely business teacher forget including decide decade.,inconsistent_narrative,TRUE,0.14
CLM-000105,Veronica Rice,webbhaley@example.net,969-954-8995x2997,POL-943298,auto,2023-05-31,2024-10-21,This discussion fact cover brother let someone scene.,2024-10-28,6607.69,100000,6.61,7,7194.9,1,Marsh Group,7441.88,4,Animal glass south defense political real effort attack feel nearly short box four how notice whether.,NONE,FALSE,0.0
CLM-000106,Roy Nielsen,zhendricks@example.org,+1-727-227-8576x0849,POL-516716,umbrella,2025-04-01,2026-05-10,Officer forward trouble somebody at chance subject fund.,2026-05-17,13850.15,100000,13.85,7,11455.33,3,Sims-Kirby,12522.97,7,Paper cost bring site final tax report even beautiful theory he stop few modern company hear also dark begin.,NONE,FALSE,0.0
CLM-000107,Susan Moore,sandra84@example.com,(318)223-0768,POL-805000,home,2023-12-25,2025-09-13,Usually reach organization beautiful level animal minute probably fine.,2025-09-14,9640.93,100000,9.64,1,8814.78,5,"Blake, Fowler and Clark",11396.42,3,Court everybody five kid brother chance event address performance method deal go.,NONE,FALSE,0.0
CLM-000108,Michael Campbell,georgecollins@example.com,+1-270-320-7016,POL-688678,home,2022-09-05,2025-04-29,Hot relate through picture real knowledge green forward cup serve speak.,2025-05-05,5442.62,50000,10.89,6,5350.23,5,Beltran Group,5001.58,6,Capital spend turn life lay range report let discuss difference technology pay tree hot record professor small think law.,NONE,FALSE,0.0
CLM-000109,Gregory Murray,justinbailey@example.net,(981)861-5814,POL-246566,auto,2022-01-07,2024-10-01,Including per nature wind himself future sport opportunity six itself skin name door.,2024-10-07,6741.61,50000,13.48,6,5468.55,3,"Caldwell, Stevenson and Joseph",6302.3,4,Boy other foot best knowledge final image our rate others star force population article design catch oil sense.,NONE,FALSE,0.0
CLM-000110,Mary Chavez,peter97@example.org,254.894.6519,POL-803055,umbrella,2024-04-10,2026-04-23,System artist too whose a nice without.,2026-04-28,3577.62,50000,7.16,5,3877.4,3,Callahan Inc,3850.24,8,It opportunity personal Republican image itself deep community cause new successful growth individual.,NONE,FALSE,0.0
CLM-000111,Beth Smith,thomasnicole@example.net,(921)826-7969x27868,POL-974190,home,2023-06-17,2025-04-07,Difficult interesting account marriage room Republican especially unit office almost.,2025-04-09,17822.86,100000,17.82,2,16440.43,2,Carroll Ltd,16215.5,5,Both loss real center rule worker worker single let back three because line score whether back.,NONE,FALSE,0.0
CLM-000112,Emily Brown,amanda07@example.com,279.956.5442x09494,POL-997004,home,2025-08-07,2025-12-16,College appear wrong speak person expert bar measure surface everyone car exactly tax.,2025-12-18,9424.28,100000,9.42,2,10312.79,2,Figueroa PLC,10021.21,8,Travel school process have compare site door Congress month almost worker whose.,NONE,FALSE,0.0
CLM-000113,Sara Mullins,ptownsend@example.net,923.695.0410x276,POL-228093,home,2025-07-18,2025-11-18,Second sell mouth here relationship listen certain that activity until large question.,2025-11-21,2150.45,50000,4.3,3,2147.94,5,"Vega, Williams and Hardin",2347.96,3,What it truth teach friend environment better pressure hospital significant see same open crime front.,NONE,FALSE,0.0
CLM-000114,Joshua Chambers,smithconnor@example.org,+1-375-334-4300x91093,POL-724932,auto,2025-03-19,2026-01-26,Task candidate prevent tonight not whose to.,2026-01-30,10000,50000,20.0,4,5830.76,3,"Lopez, Phillips and Guerrero",11962.58,5,Police two everybody interview tough show food class available since.,short_policy_coverage,TRUE,0.12
CLM-000115,Anthony Sosa,gregory17@example.org,+1-662-371-2863x917,POL-127032,auto,2025-05-01,2025-06-15,Authority number economy knowledge to chance.,2025-06-22,4315.45,100000,4.32,7,3916.15,1,"Smith, Johnson and Myers",4646.25,3,Record toward off middle vote make job such sit size music.,NONE,FALSE,0.0
CLM-000116,Sabrina Olson,mathew46@example.org,+1-515-685-1743x2806,POL-541409,umbrella,2024-04-18,2024-09-11,To piece grow be plan same cause cover rest or.,2024-09-13,6041.98,50000,12.08,2,6185.17,3,Price-Sparks,6250.32,5,Matter who speech whom administration fund front return if deep president mission vote thank.,NONE,FALSE,0.0
CLM-000117,Crystal Jones,tracysmith@example.net,4323020417,POL-332311,umbrella,2025-07-24,2025-10-06,Box organization past as dark front structure.,2025-10-11,12279.65,50000,24.56,5,12502.81,5,"Gregory, Nguyen and Daugherty",12972.66,6,National focus who degree animal community as event serious collection have close during old card social place heavy citizen.,NONE,FALSE,0.0
CLM-000118,Adam Howe,robert72@example.org,(448)976-3290,POL-602248,home,2025-03-05,2026-06-14,Wear physical site girl above dog brother morning believe gun seven music despite.,2026-06-20,19316.5,50000,38.63,6,19429.1,3,"Hopkins, Hill and Lee",21513.18,6,Rate why listen computer prove amount population expect itself free source.,NONE,FALSE,0.0
CLM-000119,Patrick Buckley,ericjohnson@example.net,713-579-9563,POL-255539,auto,2025-10-09,2026-03-17,For better scene thank heart determine likely.,2026-03-18,18086.07,50000,36.17,1,15961.04,5,Brown-Graham,19453.55,8,Until lawyer hold carry rest place wish dark camera realize arrive carry surface.,NONE,FALSE,0.0
CLM-000120,Greg Tanner,kristinelittle@example.net,(998)931-6873,POL-409222,home,2024-02-10,2025-08-10,Address into their easy its develop until watch trial.,2025-08-13,8237.18,100000,8.24,3,8085.85,0,Butler Inc,9373.32,3,Yard safe mean international hour special recent better manager.,NONE,FALSE,0.0
CLM-000121,Melissa Russell,davidphillips@example.net,907-942-7990,POL-678116,umbrella,2022-05-07,2024-11-08,Them if smile have less plant team.,2024-11-15,13439.55,100000,13.44,7,11618.58,3,Cruz Ltd,15676.26,6,Most fast send recently partner offer debate range per friend usually method travel hair appear.,NONE,FALSE,0.0
CLM-000122,Andrew Richardson,castrokim@example.org,238-317-9335x54864,POL-865054,auto,2024-06-30,2025-06-15,Generation main money but report question mouth factor per son.,2025-06-18,16720.97,50000,33.44,3,15517.55,5,"Lamb, Everett and Jones",16327.47,4,Beautiful hospital condition when baby clearly born challenge character daughter weight age indicate radio use listen information.,NONE,FALSE,0.0
CLM-000123,Colin Johnson,marystone@example.com,(495)657-9887x74924,POL-972176,auto,2025-10-28,2026-03-02,Machine wife show another good lay coach under.,2026-03-08,18536.72,50000,37.07,6,17231.05,5,"Nichols, White and Thompson",20791.5,4,Claim bring year off kid hard day religious program within challenge.,NONE,FALSE,0.0
CLM-000124,Kimberly Martinez,sullivanvictor@example.org,952.708.8547x492,POL-688967,home,2023-08-17,2025-08-02,Rule too cause nearly final husband subject.,2025-08-07,2139.64,100000,2.14,5,1790.17,2,Howard-Nguyen,2486.44,6,Political on develop very everyone against Mrs knowledge public beautiful memory create fish painting want training guess challenge take hard.,NONE,FALSE,0.0
CLM-000125,Gregory Madden,lewispamela@example.net,(774)326-6299x12347,POL-401601,umbrella,2024-06-24,2025-06-08,Series because important trial increase new report sense carry control high network amount.,2025-06-15,18401.03,50000,36.8,7,16662.02,4,Davenport-Torres,19362.0,4,Science different social child feel policy PM buy program explain conference trade population agreement share manage wife out gun.,NONE,FALSE,0.0
CLM-000126,David Jennings,brooksjessica@example.org,729-802-5725x204,POL-467121,umbrella,2024-07-16,2025-08-26,Any factor police baby create physical share out cold follow.,2025-09-01,10161.6,100000,10.16,6,8479.51,2,Serrano-Cohen,10895.57,6,Even recently guy move goal century carry example single include TV clear design me.,NONE,FALSE,0.0
CLM-000127,Kristin Norris,butlersabrina@example.org,(707)454-5279,POL-751924,umbrella,2024-05-18,2026-05-09,Agreement sport develop task central dinner by candidate bad.,2026-05-16,11658.35,100000,11.66,7,11574.52,0,"Hines, Rodriguez and Smith",12622.48,8,Serious amount blue soldier message arrive budget education at property senior site turn day top continue goal before.,NONE,FALSE,0.0
CLM-000128,Tiffany Bailey,melissanorman@example.net,589.611.9083,POL-386544,umbrella,2024-03-01,2026-05-20,Top Mr wind better degree mean remain hand.,2026-05-27,14175.95,50000,28.35,7,12654.81,2,"Lopez, Nunez and Rodriguez",14251.18,4,Wonder interest method imagine seven fire letter mind many guess explain reveal bank management his.,NONE,FALSE,0.0
CLM-000129,Melissa Randall,angelaroberts@example.com,917.352.0716,POL-172965,auto,2023-06-13,2025-08-09,Century husband opportunity big understand within ask.,2025-08-16,3721.78,100000,3.72,7,3684.38,0,Morgan PLC,3452.05,7,But study rise everything require old event smile popular hundred live owner identify machine everything should.,NONE,FALSE,0.0
CLM-000130,Jonathan Fuller,anthonyrojas@example.org,902.969.5249x9118,POL-265055,home,2023-12-13,2024-11-26,Family marriage measure my special music adult shake.,2024-11-28,8147.69,50000,16.3,2,8281.95,4,Beard-Wilson,8790.27,3,Fire heavy least allow news team field relationship man care resource maintain body push process rate occur.,NONE,FALSE,0.0
CLM-000131,Katie Myers,ygarza@example.net,+1-854-350-0902x55905,POL-806707,auto,2024-10-18,2025-08-22,Generation group goal product easy possible or travel assume figure front.,2025-08-24,3990.79,100000,3.99,2,3723.14,3,Ryan Inc,4173.16,6,Price institution method inside after like against first now follow best major real day market specific property.,NONE,FALSE,0.0
CLM-000132,Wayne Harris,pittmanamanda@example.com,604-396-3919x195,POL-219346,home,2023-09-26,2025-01-08,Song little decide somebody prepare few sound item music customer I person law.,2025-01-12,6190.17,100000,6.19,4,5158.06,5,"White, Smith and Warner",6831.14,6,Officer defense while score level view mouth pass shoulder its not phone.,NONE,FALSE,0.0
CLM-000133,Charles Hernandez,megan65@example.org,+1-536-244-2493x6312,POL-514463,umbrella,2025-07-01,2025-09-25,Someone financial magazine yard instead town dark evening ahead.,2025-09-30,13675.52,50000,27.35,5,10971.95,2,Hopkins-Thompson,16186.31,4,White magazine after teacher base own test too imagine.,NONE,FALSE,0.0
CLM-000134,Ann Hahn,joelduncan@example.net,389-784-7139,POL-108105,home,2023-03-30,2025-06-01,Strategy say south season very design blood degree ever impact.,2025-06-08,5854.87,50000,11.71,7,5440.32,1,"Brown, Ferguson and Lyons",5937.2,8,First interest radio white these view guy resource start again whom.,NONE,FALSE,0.0
CLM-000135,Mary Everett,johnnycruz@example.net,001-551-683-7606x441,POL-945362,home,2025-08-14,2025-11-25,Teacher civil keep first speech popular smile ever.,2025-11-27,10504.98,100000,10.5,2,9655.35,5,Morrow Group,9587.8,3,Say unit four institution truth beyond civil end at inside role natural force receive seven political contain kitchen.,NONE,FALSE,0.0
CLM-000136,Curtis Torres,rodriguezjohn@example.net,001-329-865-7724x29543,POL-703727,home,2024-04-13,2025-12-21,Consider then war this difference way type positive phone trade.,2025-12-25,18502.09,100000,18.5,4,17046.47,5,Gonzalez-Haynes,18970.34,3,Anyone peace outside chance when color note add moment significant up still.,NONE,FALSE,0.0
CLM-000137,Dale Shah,keith76@example.org,(939)534-3626x20443,POL-940247,umbrella,2024-04-22,2025-09-05,Old positive beat light the window huge defense himself interest.,2025-09-09,1396.27,50000,2.79,4,1465.54,2,"Scott, Davis and Brown",1293.56,3,Use likely great paper provide soon remember special accept mean herself within provide car throughout.,NONE,FALSE,0.0
CLM-000138,Christopher Vasquez,natalie21@example.com,001-886-624-1502x745,POL-182467,home,2022-04-02,2024-10-09,Party seven enough fine throughout firm yes shake character.,2024-10-11,9277.85,50000,18.56,2,8285.88,2,"Fields, Gonzales and Lopez",8966.78,4,Discover along employee relationship job yet until American ground.,NONE,FALSE,0.0
CLM-000139,Mr. Ryan Camacho,baileyjames@example.com,(428)849-9390,POL-634723,auto,2023-06-28,2026-02-09,East marriage behind forget expect wonder.,2026-02-10,10699.18,50000,21.4,1,11050.85,2,Long PLC,11963.97,8,Student child ball store process law western order accept wide.,NONE,FALSE,0.0
CLM-000140,Erika Dennis,jasonwilliams@example.net,350-218-9616x4236,POL-368402,auto,2025-06-08,2026-01-01,Clear single expect sell pressure building make it.,2026-01-08,3806.11,50000,7.61,7,3732.73,5,Mckee-Munoz,3511.54,8,Program story mention majority those live none institution series specific pass its international American game.,NONE,FALSE,0.0
CLM-000141,Michael Moore,prose@example.net,647-561-7422,POL-707616,home,2023-08-17,2025-08-13,Into notice necessary true message member including let result spend green one.,2025-08-17,9815.11,100000,9.82,4,10573.29,4,"Smith, Yang and Ford",10726.91,7,Successful and indicate region finish right serious last space game truth special.,NONE,FALSE,0.0
CLM-000142,William Green,hamiltonandrew@example.com,702-877-6974,POL-159653,home,2022-09-13,2025-02-10,Because career course staff receive could agree loss certain.,2025-03-03,18000,50000,36.0,21,13117.18,2,Graham Ltd,19521.05,7,Course feeling leg listen against coach check reflect white likely teacher one cut notice street anything account piece require.,multiple_claims|missing_documentation,TRUE,0.25
CLM-000143,Nancy Larson,benjamin67@example.net,001-797-330-8069,POL-874814,auto,2025-04-23,2026-08-26,Throughout individual list manager voice get recently again explain.,2026-08-30,12026.26,100000,12.03,4,12900.75,4,Harrison Group,13175.38,5,Medical onto rate two table resource life third rich hospital indicate wait present.,NONE,FALSE,0.0
CLM-000144,Wesley Martin,justincurry@example.net,222.232.9716x7433,POL-164879,home,2025-01-15,2025-05-30,Thing ground city still thus allow as issue pay building.,2025-06-04,10036.95,50000,20.07,5,10471.45,2,Tucker LLC,11991.3,3,Show show news to table them page bit anyone watch sometimes while sense window sit.,NONE,FALSE,0.0
CLM-000145,Ashley Hart,jacksondavid@example.org,(524)978-7125x521,POL-841995,home,2024-08-06,2025-11-28,Shoulder according strong list expert commercial entire resource increase picture early.,2025-12-03,13276.41,50000,26.55,5,12708.45,4,"Fisher, Perez and Pham",12581.04,5,Truth together weight might radio want kind show response military attorney full I sign its hotel.,NONE,FALSE,0.0
CLM-000146,Brittany Andrews,robert84@example.net,001-955-704-8926x7389,POL-811875,umbrella,2024-07-15,2024-10-06,Simple thing base Mr hope rest they minute must degree memory.,2024-10-09,8360.91,100000,8.36,3,8668.32,5,Boyd-Sherman,8364.21,5,Age three music else strategy fight institution measure rule success employee medical.,NONE,FALSE,0.0
CLM-000147,Teresa West,chaveztonya@example.net,001-498-893-5449,POL-364236,umbrella,2022-06-20,2024-12-08,Scene black might court sing lawyer chair international include begin interesting candidate.,2024-12-09,11601.3,50000,23.2,1,11566.14,4,Griffin LLC,13480.52,5,Idea next single the once PM you ready way rule indicate clear media machine leader whose message more reason.,NONE,FALSE,0.0
CLM-000148,Christopher Hansen,guzmanricky@example.org,(994)208-2154x544,POL-466813,home,2023-09-06,2025-08-07,Central operation any thus threat democratic standard.,2025-08-08,12072.05,50000,24.14,1,12187.27,3,Smith-Kelley,11331.86,8,That individual of not too sit little result paper seven.,NONE,FALSE,0.0
CLM-000149,Jerry Cole,christopher99@example.com,(336)358-0741x2094,POL-930117,home,2023-05-04,2025-09-12,Western my serious whatever miss seek me affect.,2025-09-13,6882.06,50000,13.76,1,5769.49,5,"Mayer, White and Smith",7905.34,8,Early relationship thought know southern parent I and technology age join increase.,NONE,FALSE,0.0
CLM-000150,David Wilson,weaverjustin@example.org,612-846-2095x200,POL-803024,home,2024-11-26,2026-05-30,Floor include food heart still building dark.,2026-06-05,18336.51,50000,36.67,6,16659.61,2,"Willis, Vasquez and Goodwin",18201.92,4,We especially five network assume ahead plant trial affect never only big several prepare by nothing.,NONE,FALSE,0.0
CLM-000151,Kathryn Patton,nathanielgalloway@example.org,+1-468-270-0794,POL-337547,auto,2025-01-25,2025-08-01,Value lot our style herself goal.,2025-08-04,19005.7,50000,38.01,3,15644.53,0,"Lewis, Pittman and Campbell",19999.83,7,School none feel house but cause news evidence it particular whatever five.,NONE,FALSE,0.0
CLM-000152,Dean Mullins,qnelson@example.com,937-895-0209x70026,POL-794083,home,2023-07-08,2026-01-20,Ball theory prepare much throughout staff knowledge but will heavy over hit.,2026-01-27,15034.24,100000,15.03,7,15483.65,1,"Terrell, Martinez and Wood",16224.56,4,Know develop after exactly TV group bed party field response doctor management.,NONE,FALSE,0.0
CLM-000153,Tanner Mann,adrianjoyce@example.net,(314)498-7283x9992,POL-755087,auto,2023-04-25,2025-06-01,Camera value talk thing rock ever.,2025-06-03,4436.07,100000,4.44,2,4131.32,3,"Johnson, Booker and Byrd",4477.28,8,Education nice law visit political wall appear voice item yet ever quite level guess service this different everyone information large.,NONE,FALSE,0.0
CLM-000154,Brad Armstrong,mooneyjeremiah@example.net,(713)632-5411x07609,POL-888939,umbrella,2022-06-03,2024-09-12,Blue draw future approach four some want simply people.,2024-09-14,19422.18,100000,19.42,2,18153.49,4,Garrett PLC,18873.51,6,Beat art almost finish summer assume camera try kind feeling phone.,NONE,FALSE,0.0
CLM-000155,Kristin Phillips,nmorales@example.com,399.707.6769,POL-698128,home,2023-06-13,2024-10-27,Law foreign court bill organization attack.,2024-11-03,4686.31,100000,4.69,7,4830.8,3,Strong and Sons,4924.71,6,Eight inside right know during someone art find job where senior find those simply challenge final garden hard.,NONE,FALSE,0.0
CLM-000156,Meghan Brown,hendersonjames@example.org,+1-631-853-7795x9959,POL-245121,home,2024-06-23,2024-09-14,Class lawyer smile among detail about development discover perhaps dream.,2024-09-16,16520.93,100000,16.52,2,16394.61,2,"Tate, Briggs and Aguirre",17617.3,3,Day contain wrong guy available air boy fact create one she analysis ahead cup company those.,NONE,FALSE,0.0
CLM-000157,Julian White,thompsonjose@example.org,7267153473,POL-398910,auto,2023-11-28,2026-02-16,Wait with young think there assume certain under.,2026-02-22,17071.95,100000,17.07,6,14478.61,3,Lee Group,20001.36,4,Fish involve player TV several onto take family chance easy picture evidence call meet once major.,NONE,FALSE,0.0
CLM-000158,Rachel Mendez,williampotter@example.net,001-885-278-7255x87774,POL-332823,home,2023-08-02,2026-02-22,Detail data tell how fill thousand number very.,2026-03-01,9311.98,100000,9.31,7,8426.18,0,Scott-Miller,9539.84,6,Far million discover American mention from later it happen marriage.,NONE,FALSE,0.0
CLM-000159,Jeremy Baker,howardchristopher@example.net,781.643.1115x08353,POL-970068,home,2023-03-16,2025-03-27,Seat shoulder suddenly course page case talk respond myself.,2025-04-29,15000.0,100000,15.0,33,8830.46,5,Smith-Evans,15518.71,1,Situation identify if oil pretty line mention seven chance however dinner see listen middle skill.,short_policy_coverage,TRUE,0.12
CLM-000160,Julia Conner,megan66@example.org,778.505.2924x075,POL-256782,umbrella,2023-06-28,2026-03-16,International sell several real federal only nothing allow cause with yes.,2026-03-17,1361.07,50000,2.72,1,1385.8,4,"Soto, Morrison and Franklin",1397.79,5,Woman daughter hospital move could board notice later thus behavior bit need allow ready major cost.,NONE,FALSE,0.0
CLM-000161,Diane Hall,gibsonmiguel@example.org,(956)362-1286,POL-540218,umbrella,2022-07-10,2024-10-29,Western tend candidate day it report little page voice onto.,2024-10-31,6721.87,50000,13.44,2,6633.43,0,"Moran, Stevens and Harris",6273.23,6,Knowledge station painting east forget notice make leg although before position.,NONE,FALSE,0.0
CLM-000162,Ryan Sparks,zaustin@example.org,(632)696-7629x16032,POL-702980,auto,2024-06-07,2026-07-12,Recently reveal describe management yeah need.,2026-07-17,11185.02,100000,11.19,5,9429.79,3,Jones-Garcia,10071.77,5,Improve close debate and ago police put left gas human create also economy remember carry.,NONE,FALSE,0.0
CLM-000163,Joel Miller,jenniferkim@example.com,322-209-1241x862,POL-145649,umbrella,2024-11-11,2026-01-11,Child group describe alone push democratic recent student specific.,2026-01-27,9000,100000,9.0,16,5031.8,4,"Bates, Keller and Garcia",10117.75,6,Know our any help cut economic training customer administration agreement address star quite as.,delayed_reporting,TRUE,0.12
CLM-000164,Russell Beck,bradleyhunt@example.com,483-293-8661x33155,POL-789023,umbrella,2026-03-27,2026-08-10,Pressure activity defense detail price everything perhaps analysis those in should.,2026-08-17,2283.63,50000,4.57,7,2355.45,5,Bird-Garcia,2573.66,4,Social two notice edge behind food piece home under sign card compare seven reach within project attack adult treatment.,NONE,FALSE,0.0
CLM-000165,Natalie Gordon,hallchristina@example.org,836-539-1025x7432,POL-774020,auto,2023-03-07,2025-08-03,Draw rise write kitchen theory care.,2025-08-04,7693.68,50000,15.39,1,7953.29,3,Schneider-Hodges,9188.14,6,Social increase spend seek director run garden day approach truth write soon recent develop their miss contain picture.,NONE,FALSE,0.0
CLM-000166,Troy Williams DVM,davidthompson@example.net,538.816.7423,POL-850827,home,2024-08-20,2024-10-26,Paper field office whose cut television loss week.,2024-11-01,4463.28,50000,8.93,6,3963.54,0,Sanders-Jackson,5076.23,3,Institution participant item choose west lot seven into bar trade feel Mr need compare herself figure exist.,NONE,FALSE,0.0
CLM-000167,Mr. Miguel Gonzalez,adamhensley@example.net,001-257-366-6567x4916,POL-955015,umbrella,2024-05-28,2025-10-24,Usually class several whatever side seem give remember play happy.,2025-10-27,18734.05,100000,18.73,3,16410.92,5,Curtis Group,17934.69,5,Drug alone spend piece put recently population end lay race effect own weight.,NONE,FALSE,0.0
CLM-000168,Ray Newman,lsanders@example.org,336.726.4488x69461,POL-448048,home,2025-12-11,2026-05-17,Especially decide security recognize according collection man.,2026-05-24,15835.99,100000,15.84,7,16466.31,3,Jones Ltd,18478.16,8,Modern pressure run color hear region cup consider way late sport control arrive consumer service else.,NONE,FALSE,0.0
CLM-000169,Mark Weber,christophermiller@example.org,215-209-3771x004,POL-295892,home,2024-06-22,2026-06-30,Decision social heart mind while entire magazine.,2026-07-04,17998.11,50000,36.0,4,17084.83,4,Munoz-Rogers,17638.44,3,Yourself stage wait professor her arm green form beyond lead recognize rise thousand catch own.,NONE,FALSE,0.0
CLM-000170,Michael Briggs,shannon78@example.com,+1-330-750-5057x39769,POL-962287,auto,2024-10-26,2026-06-06,Voice walk live probably record beyond his parent Republican thank then.,2026-06-12,9065.49,50000,18.13,6,8051.33,0,"Wagner, Anderson and Robles",8376.7,8,Strategy you would level to western lot music during color want record black year.,NONE,FALSE,0.0
CLM-000171,Erin Reyes,jeffrey47@example.net,328-771-5399,POL-546815,auto,2022-09-25,2024-09-30,Travel sea rise president size whom join do else fact.,2024-10-03,6823.42,100000,6.82,3,6367.43,3,Davis Ltd,6227.78,5,Visit seat break happy table west officer ability artist movie suggest woman floor half quickly someone mind own develop house.,NONE,FALSE,0.0
CLM-000172,Charles Hahn,vincentbryant@example.net,620-895-4814x9737,POL-929924,auto,2025-06-23,2025-10-07,Wonder four still decision run special.,2025-10-12,19964.86,50000,39.93,5,19991.92,3,"Fitzgerald, Leblanc and Parsons",20144.41,8,Road federal spring treatment city again hot institution list give hot author risk executive type red nature best.,NONE,FALSE,0.0
CLM-000173,Sharon Brown,stephen29@example.org,874.823.3305x912,POL-989894,umbrella,2023-05-10,2025-05-03,Unit benefit wind conference appear woman practice order.,2025-05-09,4039.75,50000,8.08,6,4178.69,0,Sims Group,3788.76,4,Alone drive major read west present heart reality somebody probably sing ten practice.,NONE,FALSE,0.0
CLM-000174,Holly Wilson,martinezdarlene@example.net,409.899.7419,POL-694799,auto,2023-06-19,2025-03-29,Yourself reflect fear by foot research television Mr if red hour stage.,2025-04-05,13258.09,50000,26.52,7,11216.76,3,"Freeman, Stone and Richards",15706.16,5,Send debate probably bring television receive accept language fire always offer.,NONE,FALSE,0.0
CLM-000175,David Mullins,whitneywilliam@example.com,+1-926-403-4084,POL-655178,home,2024-10-19,2025-12-30,Make fine treat you paper member reach production and already center task Democrat.,2026-01-03,15498.6,100000,15.5,4,13860.64,2,Guzman and Sons,15109.33,3,Grow campaign performance avoid effort high tough hundred bar effect international reason movie audience run yet recent cover head price.,NONE,FALSE,0.0
CLM-000176,Jennifer Hernandez,mgray@example.org,341-781-8615,POL-505785,umbrella,2025-12-02,2026-05-01,Sing chair something event better woman develop weight situation but.,2026-05-02,14977.82,50000,29.96,1,13158.51,2,"Chandler, Parker and Nicholson",16643.52,4,Believe give occur example even between answer fish sell Congress south question small necessary think I or else.,NONE,FALSE,0.0
CLM-000177,Mary Thomas,brian53@example.net,+1-567-627-5784x468,POL-615060,auto,2025-08-21,2026-01-23,Water image fine bed bag role war.,2026-01-28,6425.96,100000,6.43,5,5402.42,0,Johnston Inc,6654.81,8,Never manage them while interest meet room look middle your thousand recently if pattern.,NONE,FALSE,0.0
CLM-000178,Michelle Park,john89@example.org,+1-872-983-2152x850,POL-986593,home,2024-07-23,2026-07-06,Color wide full quickly story surface tax face low enter.,2026-07-10,19947.99,100000,19.95,4,18037.52,0,Rojas PLC,21244.59,5,Design fight value poor stay along leg pay major green past forget government accept three control.,NONE,FALSE,0.0
CLM-000179,Johnathan Miller,robertgentry@example.org,(443)676-5456,POL-834233,umbrella,2024-10-30,2025-05-26,Writer prevent keep cause section accept third.,2025-05-29,17175.88,100000,17.18,3,17830.43,4,"Gonzalez, Lopez and Williams",16613.76,4,Inside former all program way where work budget major many race camera seem sister hundred rise.,NONE,FALSE,0.0
CLM-000180,Bonnie Rosario,martinezmaurice@example.org,001-530-456-9067x44716,POL-127560,home,2024-07-16,2026-03-05,Cost exactly boy enjoy red project investment listen situation billion room particularly.,2026-03-12,3638.66,100000,3.64,7,3535.62,3,Riddle PLC,4152.07,7,Play director car although wrong upon international pattern before anything imagine fill plan discuss from look member popular fight especially exactly.,NONE,FALSE,0.0
CLM-000181,Francisco Williams,smithdonna@example.com,947.749.1624,POL-424314,home,2023-04-20,2025-05-23,Fight best add necessary technology former scientist guess single more.,2025-05-25,12627.02,50000,25.25,2,12824.77,4,Allen-Hill,12920.45,6,Himself thought candidate sea build only treatment pressure couple relate understand avoid national garden rise writer dark result analysis court.,NONE,FALSE,0.0
CLM-000182,Shawn Castaneda,patricia71@example.com,476-688-0294,POL-432427,umbrella,2025-07-03,2025-10-16,What article win couple sport manager.,2025-10-23,11923.11,50000,23.85,7,11148.02,5,"Berg, Mata and Martin",12581.36,4,His single husband even contain civil design recent these so lay remain modern field detail remain need commercial.,NONE,FALSE,0.0
CLM-000183,Andrew Hernandez,sara40@example.net,338.610.5955,POL-290802,auto,2023-06-27,2024-10-12,Impact particularly foot arm staff station despite.,2024-10-19,15825.0,100000,15.82,7,15047.35,0,Thompson-Bonilla,18189.53,7,Price test voice on reveal read watch either phone page deal kind food daughter picture teach house land role.,NONE,FALSE,0.0
CLM-000184,John Crawford,llopez@example.org,001-572-340-4226,POL-843788,auto,2024-07-04,2025-07-23,Author early training wife beyond money risk.,2025-07-25,6778.37,50000,13.56,2,7349.41,4,Morrison Group,7920.37,3,Again step shake popular analysis eat base central physical add whom whatever blood save full religious.,NONE,FALSE,0.0
CLM-000185,Mr. Jeremy Martin,timothy30@example.net,001-448-210-0184x186,POL-387782,auto,2023-04-05,2025-02-03,Agency interview challenge pretty difficult these his this.,2025-02-06,4729.74,100000,4.73,3,4213.48,4,Vasquez Inc,4389.33,8,Big what ground past brother type turn time page concern most outside quickly.,NONE,FALSE,0.0
CLM-000186,Elizabeth Roth,nancy47@example.net,(341)802-2526x771,POL-279516,umbrella,2023-02-27,2024-12-27,Certain follow camera should good management loss win own.,2024-12-29,12244.36,100000,12.24,2,12442.59,4,"Cook, Pham and Valdez",12260.1,7,Himself near much manage movie discover base resource money since specific despite beautiful.,NONE,FALSE,0.0
CLM-000187,Samuel Cox,hrosario@example.org,(452)347-2863x330,POL-147670,umbrella,2023-03-04,2025-05-31,Help ago who he reduce production available.,2025-06-01,16679.49,50000,33.36,1,16229.67,5,"Harrell, Johnson and Diaz",16066.39,7,Each actually store indicate she like cell month we like.,NONE,FALSE,0.0
CLM-000188,Matthew Smith,moorenicole@example.org,+1-628-520-6678x498,POL-757629,umbrella,2025-03-30,2026-02-19,Use even begin help week sea hundred argue hot state wish.,2026-02-23,12744.06,50000,25.49,4,12649.4,2,"Skinner, Velasquez and Mcdonald",13316.06,8,Present if herself area he interest establish bit guy single friend dream clear blood deep.,NONE,FALSE,0.0
CLM-000189,Chelsea Harris,allenchristopher@example.net,001-209-770-0514,POL-162823,auto,2023-05-26,2024-09-17,When matter fire hospital green can push former to.,2024-09-21,6651.24,50000,13.3,4,6150.31,3,"Garcia, Aguirre and Hernandez",6393.22,7,Somebody local than also claim radio bad personal well discuss democratic race cell responsibility year maybe yeah participant model shoulder.,NONE,FALSE,0.0
CLM-000190,Earl Hanson,twilliams@example.net,(333)999-1297x1024,POL-869864,home,2024-05-21,2025-08-02,Lawyer college fast attention office government author.,2025-08-04,6939.07,100000,6.94,2,5823.47,2,"Ingram, Scott and Kennedy",7317.21,3,Shake kind under vote will major guy expert important people quite kid mention.,NONE,FALSE,0.0
CLM-000191,Bradley Gutierrez,rbaker@example.org,+1-303-580-2146x296,POL-571435,auto,2025-06-18,2025-12-09,Them protect give life movement stand board Congress board where.,2025-12-12,5593.02,50000,11.19,3,4636.86,2,Tate-Gonzalez,6619.98,7,Ask garden page defense scientist boy lawyer nation we certainly degree nothing write similar artist.,NONE,FALSE,0.0
CLM-000192,Veronica Lewis,mirandacisneros@example.net,(544)621-2146x14768,POL-267457,home,2023-08-11,2026-04-23,Store begin top garden send clearly glass industry.,2026-04-27,5717.14,100000,5.72,4,5564.53,2,Nichols-Bowers,5471.02,4,Great realize home act situation others back property pattern food worry voice sea say first character learn.,NONE,FALSE,0.0
CLM-000193,Ashley Cordova,ubaker@example.org,827.591.0336x829,POL-423528,home,2024-11-02,2024-12-25,Decide course quickly western have hair few film standard by.,2024-12-29,19923.42,50000,39.85,4,16476.96,3,Banks-Bryant,20952.13,4,Goal stock international wind from unit learn health need class job expect process quite plant reduce.,NONE,FALSE,0.0
CLM-000194,Annette Miller,davisallen@example.com,679-881-7890,POL-395023,home,2024-10-23,2026-07-26,Development lawyer high crime light buy whose trial.,2026-07-28,12083.54,50000,24.17,2,12865.37,5,Odonnell-Newman,13313.11,5,Account hear difference exist they enough stuff somebody increase drop too increase administration check hear stage.,NONE,FALSE,0.0
CLM-000195,Frances Haley,zallen@example.org,+1-860-596-2626x582,POL-240440,home,2024-03-18,2026-05-01,Report call brother officer hot several true.,2026-05-06,1155.37,50000,2.31,5,1051.08,3,"Moore, Morris and Davis",1166.67,6,Join pick order agreement remain turn bad him score.,NONE,FALSE,0.0
CLM-000196,Mark Howard,denisewalker@example.org,+1-336-340-4120,POL-680096,home,2024-08-30,2024-12-13,Until but center energy Congress back suddenly tree debate beyond somebody.,2024-12-14,11835.35,50000,23.67,1,10840.05,3,Jones-Chung,13365.91,5,Decision information threat plant late claim federal tough process piece.,NONE,FALSE,0.0
CLM-000197,Grant Reed,moorejudy@example.org,790.380.8823,POL-224582,auto,2026-01-17,2026-05-26,Ahead catch base reality call event current begin.,2026-06-02,19792.72,100000,19.79,7,18173.1,2,"Arnold, Phillips and Mcgee",21125.75,5,Job watch two economic cup suffer response which bill soldier onto close day reveal item land others even.,NONE,FALSE,0.0
CLM-000198,James Gonzalez,nathaniel17@example.org,8842964985,POL-520884,umbrella,2025-02-18,2025-04-30,Conference follow so group authority prevent head.,2025-05-07,3741.08,100000,3.74,7,3043.71,1,Martinez-Flores,4167.85,6,Response degree nothing focus discussion at exist defense design.,NONE,FALSE,0.0
CLM-000199,Theresa Aguirre,berrydebbie@example.net,001-965-453-3077x04611,POL-640546,auto,2024-10-24,2025-10-24,Force him office expect popular task write treatment expect success idea time truth.,2025-10-29,9682.78,100000,9.68,5,10451.7,2,Rogers Inc,9186.54,7,Like stop indeed feeling first generation bag simple management another.,NONE,FALSE,0.0
CLM-000200,Mrs. Margaret Lozano,sharon10@example.org,5027156321,POL-631958,umbrella,2023-09-18,2025-04-15,Writer various test employee size book water avoid forget partner speech establish.,2025-04-21,17009.44,100000,17.01,6,16107.16,4,Buckley PLC,16838.28,3,Build floor challenge once sure time PM property miss drive long majority exactly significant lot begin she.,NONE,FALSE,0.0
CLM-000201,Russell Sanchez,heatherjones@example.com,7305376371,POL-536774,umbrella,2025-03-03,2026-02-11,Seven method finish want remain pretty summer black candidate true history laugh per.,2026-02-14,7293.55,50000,14.59,3,7578.19,5,Deleon and Sons,8472.4,8,Everyone clearly film thank possible challenge then seat drive thus.,NONE,FALSE,0.0
CLM-000202,Matthew Chavez,david81@example.com,(832)868-6850x74510,POL-787436,umbrella,2023-05-13,2025-01-23,Family idea order morning management item race position.,2025-01-24,12341.28,50000,24.68,1,10715.48,0,Robinson Inc,13267.58,4,Offer draw mother every third record identify hotel detail.,NONE,FALSE,0.0
CLM-000203,Kathleen Jackson,michaelroberts@example.net,401-728-9743x2512,POL-824042,auto,2025-02-08,2026-05-04,Center actually listen free concern enough baby quickly table order wide.,2026-06-07,17000,100000,17.0,34,11325.09,5,"Smith, Marks and Kennedy",19751.37,1,Standard note wrong structure moment cold chair behind fight.,multiple_claims|inflated_loss_value|inconsistent_narrative,TRUE,0.47
CLM-000204,Nicholas Fritz,elizabeth45@example.com,2544589714,POL-440839,umbrella,2024-09-28,2026-03-01,Task process center marriage each scientist wind grow season create western.,2026-03-07,3623.57,50000,7.25,6,3470.09,2,"Rodriguez, Hill and Sims",4301.2,6,Tonight last when money enter quickly thousand hospital individual yes finally American mind gas partner item lawyer why society.,NONE,FALSE,0.0
CLM-000205,Kathryn Jennings,hbecker@example.com,+1-682-347-4140x703,POL-909489,umbrella,2023-04-11,2025-04-07,Major above good street anyone case.,2025-04-12,7504.21,50000,15.01,5,7451.63,5,Glover-Shaw,7348.94,6,Choice beat establish you culture one ball despite list great speech PM institution whom better end few financial nor.,NONE,FALSE,0.0
CLM-000206,Kenneth Vega,johnbutler@example.org,941-749-7826x6128,POL-412999,auto,2023-04-30,2026-01-18,Various Republican life into inside improve agree next whatever inside sense past.,2026-01-20,19189.41,50000,38.38,2,20952.4,2,Buchanan-Carpenter,21709.98,8,Camera myself not fall sense hotel idea accept space themselves least approach area stop practice four.,NONE,FALSE,0.0
CLM-000207,John Rivera,martinezbrenda@example.net,001-903-582-8723x2440,POL-603110,home,2023-03-27,2024-11-19,Attack check they mind easy billion agency.,2024-11-21,14114.56,50000,28.23,2,15245.28,5,"Wallace, Brown and Martinez",13861.02,3,Low contain dog summer employee partner keep probably but chair against center seat drive memory record.,NONE,FALSE,0.0
CLM-000208,Mr. Brett Chapman,elizabeth66@example.net,876-262-0471,POL-513697,home,2022-11-04,2025-02-02,Few population throw people amount trade while life rich everybody word group task.,2025-02-07,13855.82,50000,27.71,5,14429.24,2,"Clark, Orr and Warren",12645.1,8,Artist pretty goal rest fund resource skill everything several field hour trouble population heavy line probably office until.,NONE,FALSE,0.0
CLM-000209,Beverly Nguyen,breanna61@example.org,5233117753,POL-368900,umbrella,2024-10-25,2026-03-29,Rock himself wind two artist economy also seek.,2026-03-30,7580.91,50000,15.16,1,6551.39,4,Hines-Obrien,7439.45,7,Type fly recognize help writer off current education join.,NONE,FALSE,0.0
CLM-000210,Christopher Cervantes,christopherjohnson@example.net,330-720-5698,POL-876880,umbrella,2024-07-05,2025-04-06,Radio whatever rock month couple debate still may.,2025-04-12,6160.81,50000,12.32,6,5376.77,5,Montgomery-Hansen,7217.73,4,Soon keep personal them notice camera military beyond material anything music.,NONE,FALSE,0.0
CLM-000211,Donna Clayton,ewarner@example.org,318-993-8984x6908,POL-446337,umbrella,2023-05-01,2024-09-25,President allow instead customer thousand arrive daughter stage form.,2024-10-01,5423.89,50000,10.85,6,4502.72,1,"Gaines, Brown and Snyder",4889.93,7,Toward reflect she along wonder wear our partner ball necessary water establish among along medical practice it field sure.,NONE,FALSE,0.0
CLM-000212,Anthony Ayala,amandadalton@example.net,+1-308-770-6626x68217,POL-598807,home,2024-09-23,2026-08-20,Create job around discussion open dinner section thousand soldier nothing.,2026-08-22,8731.24,100000,8.73,2,7507.44,2,Marks and Sons,8699.37,8,Baby camera Congress analysis glass pretty each factor paper long.,NONE,FALSE,0.0
CLM-000213,David Stephens,wthornton@example.org,245.784.3845x881,POL-702022,auto,2023-05-10,2024-12-07,Relationship perform evidence data case wish discover score decision head staff.,2024-12-08,18250.8,50000,36.5,1,18645.13,0,Johnson and Sons,21425.87,4,Practice law box material almost everyone his still be everything particular manager television his and day continue.,NONE,FALSE,0.0
CLM-000214,Eric Weaver,sharon95@example.com,001-993-805-9660x18648,POL-138105,home,2023-04-07,2025-07-21,Rest shoulder employee whether level yeah draw traditional exactly radio ever your side.,2025-07-25,17762.65,50000,35.53,4,16849.92,5,Morgan-Foster,21113.39,5,Ever environmental economy president sign activity fill produce structure summer kitchen admit across already grow point news impact often bag.,NONE,FALSE,0.0
CLM-000215,Tiffany Alexander,katie44@example.com,(432)929-0310,POL-212512,home,2025-08-09,2026-06-26,Fish network direction weight yeah window administration suddenly support music and doctor board.,2026-06-27,1176.08,100000,1.18,1,1101.17,5,"Wallace, Dixon and Young",1250.16,6,Now stop race author interview executive agency parent growth window today hear wall family all.,NONE,FALSE,0.0
CLM-000216,Chris Garza,lynchlindsey@example.net,001-589-853-6902x611,POL-302177,auto,2024-06-02,2025-06-05,Run summer month anything line modern kid especially structure fall during during.,2025-06-07,17170.14,50000,34.34,2,14573.13,3,Hall-Edwards,18792.47,8,Realize knowledge whatever improve bag night baby gun machine discover skill.,NONE,FALSE,0.0
CLM-000217,Victoria Frost,kimberlyrussell@example.net,+1-929-544-5511x66829,POL-409355,umbrella,2023-03-06,2025-02-23,Then administration building enjoy never us sea call.,2025-02-25,1267.6,50000,2.54,2,1302.06,1,Bass Inc,1373.17,8,Wrong car term truth toward great I news Republican budget today together.,NONE,FALSE,0.0
CLM-000218,Wendy Williams,stephanie67@example.net,(847)722-9812x09957,POL-190951,home,2023-12-01,2025-11-15,Computer reveal evidence significant discussion manage answer military modern meet up.,2025-11-19,16712.81,100000,16.71,4,13848.49,1,Morris-Flores,17435.41,4,Well among war think room issue everything they fire girl close explain.,NONE,FALSE,0.0
CLM-000219,Christopher Crosby,vanessa13@example.net,521-238-8209x088,POL-890371,home,2024-08-28,2025-08-30,Strategy ago data walk number rule minute store far body relationship suddenly.,2025-08-31,5954.92,50000,11.91,1,5303.35,5,Oneal-Snyder,6382.86,5,Ten year rule bring government bad soldier road force medical.,NONE,FALSE,0.0
CLM-000220,Kayla Waters,patricia06@example.org,001-585-638-0032x963,POL-409369,home,2023-06-09,2025-03-29,Charge sport safe executive cup then week tax see about attack newspaper.,2025-05-10,8000.0,50000,16.0,42,6003.71,3,Mckinney Inc,8347.64,8,Read party piece doctor give most west there subject themselves property make picture our myself far.,multiple_claims,TRUE,0.15
CLM-000221,Stephanie Gallagher,umontes@example.org,+1-561-227-5156x27796,POL-836038,umbrella,2022-06-28,2025-02-16,Environmental Democrat surface important no follow push in speak.,2025-02-22,19787.92,50000,39.58,6,18625.35,4,Ross-Gaines,22570.07,4,Magazine despite player animal language determine then movie single book why particularly can music.,NONE,FALSE,0.0
CLM-000222,James Deleon,rhonda81@example.net,5836583286,POL-925618,auto,2025-01-13,2026-08-04,Treat former democratic safe vote already after wait.,2026-08-11,5701.84,100000,5.7,7,5325.66,5,Mason Group,5750.51,7,Church feeling discover significant easy evening buy six pretty.,NONE,FALSE,0.0
CLM-000223,Debra Miller,wagnerjade@example.net,(200)689-2196x39456,POL-635167,home,2022-08-08,2024-12-13,Learn between wide office heavy involve develop image everything.,2024-12-21,20000.0,100000,20.0,8,16215.58,3,Velez-Ferguson,21079.49,8,Him year road week several research laugh official agent side language live board.,inflated_loss_value,TRUE,0.18
CLM-000224,Mark Miller,jaredmcmahon@example.net,212.969.7893,POL-946112,home,2023-03-16,2025-04-24,In scientist strong already ready out the environmental decide.,2025-04-29,2097.0,50000,4.19,5,1691.3,2,"Norton, Gardner and Edwards",2400.93,8,Focus remember method teach yeah bank bit recognize heart series class security coach.,NONE,FALSE,0.0
CLM-000225,Amanda Coleman,conniewarren@example.org,001-786-460-4164x4859,POL-903028,umbrella,2023-06-10,2025-07-25,Face rate sort weight he page line.,2025-08-08,6000,50000,12.0,14,3779.46,5,Mayer Ltd,6074.03,7,Clearly resource listen fish conference like year accept reduce current behind.,multiple_claims|round_numbers|inconsistent_narrative,TRUE,0.37
CLM-000226,Mario Wheeler,bellangie@example.org,(503)344-6945x964,POL-493892,auto,2023-08-12,2025-08-10,Check room evidence enjoy bill someone onto she form sign option everyone southern.,2025-08-14,17522.79,100000,17.52,4,19086.58,4,"Barnett, Kennedy and Jackson",16469.62,5,Writer before sound chair close themselves follow time appear memory keep professor force.,NONE,FALSE,0.0
CLM-000227,Justin Bennett,wmccarthy@example.com,358.819.3242x68774,POL-654531,auto,2023-07-27,2025-09-09,Concern term talk side generation interest pay then turn course.,2025-09-10,4391.0,100000,4.39,1,4802.07,0,White-Adkins,4948.02,5,Cultural guess crime only foreign treat trouble me actually.,NONE,FALSE,0.0
CLM-000228,Maria Sanders,joshua09@example.org,001-479-477-2781x050,POL-539605,umbrella,2023-01-03,2025-03-27,Bar street budget kitchen report fire teach.,2025-04-26,16000,100000,16.0,30,9081.92,2,Lucero-Lee,15555.2,2,Scene four public tonight today college worry reveal hand add professor indicate property article cover seven challenge entire common and.,delayed_reporting,TRUE,0.12
CLM-000229,Jennifer Reid,collinsann@example.org,279-419-7111x21259,POL-804667,umbrella,2023-05-19,2025-11-27,Design hear ball right east study.,2025-11-28,12284.94,50000,24.57,1,10007.35,5,"Bender, Hancock and Burgess",11219.48,6,Financial here expert everything north including structure evening current without else.,NONE,FALSE,0.0
CLM-000230,Henry Cox,rgallegos@example.org,6965289365,POL-913761,auto,2025-02-04,2025-07-27,Record mean stop some before significant election life all boy.,2025-07-29,11255.44,100000,11.26,2,10705.82,2,"Welch, Alvarez and Mcdonald",10920.57,8,Head help open almost red picture thank account instead friend possible beyond tree fill level.,NONE,FALSE,0.0
CLM-000231,Robert Bryant,esimon@example.org,859-657-6403x816,POL-805200,home,2024-04-26,2025-01-23,Husband agreement mention two though whole wall cup win sell candidate four whether.,2025-01-28,7059.17,100000,7.06,5,6286.4,1,Parker and Sons,8440.71,7,Learn close a challenge third feeling ball door data bed each range suffer hear local.,NONE,FALSE,0.0
CLM-000232,Michael Hale,dbarnett@example.net,816.825.2654,POL-683761,umbrella,2022-10-31,2025-05-18,Author major science only develop part should hard fund statement particular seem.,2025-05-20,8857.64,50000,17.72,2,9039.79,1,Brewer and Sons,9635.32,6,Could deep itself fund pressure international expect hit start alone when instead clear radio strong let bar rather.,NONE,FALSE,0.0
CLM-000233,Regina Smith,david86@example.net,707.966.0464x197,POL-774565,umbrella,2023-09-29,2024-11-22,Such will born condition interest service that bag according way.,2024-11-27,10416.79,100000,10.42,5,10789.1,2,"Lawrence, Gonzalez and Hess",11551.1,6,Itself let always test least anyone out hard international push short age environment fall indicate land fear.,NONE,FALSE,0.0
CLM-000234,Nicholas Schmidt,fwright@example.net,522-976-4579,POL-664058,home,2024-01-03,2024-10-05,Baby head chair with point think.,2024-10-07,6697.88,50000,13.4,2,7064.94,2,Hunt-Swanson,7751.2,4,Until see institution against wear either present third student item bring court end field method.,NONE,FALSE,0.0
CLM-000235,Robert Brooks,blewis@example.com,001-224-880-9624x4063,POL-532723,home,2024-10-03,2026-05-26,Ever leg so play best different remember.,2026-06-02,9797.48,50000,19.59,7,9395.76,3,Brown LLC,9531.55,4,Step onto play forget home upon actually future get know left sea decision recently pull eight allow system whose place.,NONE,FALSE,0.0
CLM-000236,Daniel Mercer,kevin57@example.net,602.999.2959x660,POL-988283,home,2025-06-22,2025-10-24,Heart Mrs her we but how deep book eye.,2025-10-27,13287.41,100000,13.29,3,12765.09,1,Wang Ltd,12164.11,6,Nearly goal design too everything side picture professional rather plan player maybe mouth different identify series.,NONE,FALSE,0.0
CLM-000237,Brooke Marks,iroberts@example.com,001-372-816-9666x30932,POL-176319,auto,2022-12-05,2025-04-06,Foot economic notice line before have.,2025-04-12,12494.42,50000,24.99,6,12850.62,5,"Guzman, Clarke and Price",13761.79,4,Tell sure claim hard themselves compare view TV follow fall thus debate leave each owner wrong someone win.,NONE,FALSE,0.0
CLM-000238,Larry Rivera,johnbowen@example.org,3062876164,POL-515898,auto,2024-01-23,2025-09-09,Lose rise fall huge state shoulder guy respond memory power investment.,2025-10-10,12000.0,50000,24.0,31,8614.69,4,Garcia LLC,12170.38,6,Send born college include fund tree somebody decide best politics available tonight man each employee far know skin record nothing.,round_numbers,TRUE,0.08
CLM-000239,Brittany Roberts,nicoleelliott@example.net,842-694-7742x2294,POL-621433,home,2025-07-10,2025-11-17,Agreement deep field once else return seat you.,2025-11-20,5969.67,100000,5.97,3,6213.5,5,Woods-Yoder,6213.51,5,Popular onto may model her unit possible that lot low here protect ask different deal.,NONE,FALSE,0.0
CLM-000240,Monica Wilson,michaelstevens@example.net,3836350615,POL-689849,auto,2022-10-30,2024-12-27,Which suggest Mrs bag something land mission each something consumer view tax direction.,2024-12-29,8043.39,50000,16.09,2,6786.83,2,"Bryant, Williams and Lynch",8574.2,7,Everyone sea safe true town car few debate during seven local better think anything so authority long kind live.,NONE,FALSE,0.0
CLM-000241,Linda Evans,perkinsmichelle@example.org,001-773-999-7046x9472,POL-305721,home,2024-03-01,2024-11-21,Exist population enough mother game question me personal born series consider according.,2024-11-26,14680.23,50000,29.36,5,13417.02,1,"Ruiz, Martin and Jones",15411.17,8,Pull behind television garden reach state cover board discussion film figure short line range until decision public.,NONE,FALSE,0.0
CLM-000242,James Jackson,chelseamoore@example.net,796.943.4745x2455,POL-612356,umbrella,2023-06-16,2025-05-03,Interesting hour individual several identify why government south window.,2025-05-09,7413.72,100000,7.41,6,7575.92,3,Smith-Bush,7046.52,5,Product eight strategy age into him newspaper school something pay key ever.,NONE,FALSE,0.0
CLM-000243,Nathan David,ccrane@example.net,(773)949-9601x0548,POL-292988,umbrella,2022-12-16,2024-11-02,Book care seek foot simple including charge character federal.,2024-11-04,3659.21,100000,3.66,2,3978.19,4,Hoffman Group,3330.42,3,Foreign national produce news stage ready cell show that recognize school whatever guess.,NONE,FALSE,0.0
CLM-000244,Cindy Morris,stevencook@example.net,001-244-790-2166x670,POL-532424,auto,2023-10-17,2026-03-27,Not yet where their force much.,2026-04-03,13696.1,100000,13.7,7,13548.33,0,Andrews-Walters,15232.13,3,North wind sister mother sometimes suffer because two particular year.,NONE,FALSE,0.0
CLM-000245,Jessica Hill,vpreston@example.org,+1-251-829-5786x0694,POL-747847,umbrella,2024-03-30,2026-03-12,Across follow character talk once should.,2026-03-14,10608.93,50000,21.22,2,11459.46,3,"Ellis, Ortega and Carrillo",11646.33,3,Understand throw resource officer country challenge final beyond mouth war always camera give attorney that up probably cut clear.,NONE,FALSE,0.0
CLM-000246,Thomas Barton,taylorrachel@example.com,860-573-6077,POL-117538,umbrella,2024-07-26,2026-09-03,Side opportunity by wide medical official might clear.,2026-09-04,11112.04,50000,22.22,1,9805.51,2,Martinez Group,10057.98,8,Group yet indeed decision before medical long meet war administration herself information which beyond growth finally assume watch present director.,NONE,FALSE,0.0
CLM-000247,Rhonda Liu,beanjoshua@example.net,502-632-9028x22700,POL-287974,auto,2023-06-09,2026-02-03,Pay statement information company million character speak protect half understand.,2026-02-09,9180.89,100000,9.18,6,7609.99,1,Johnson and Sons,8926.49,7,Idea health success perform agreement ago agreement like same certain imagine much several reveal.,NONE,FALSE,0.0
CLM-000248,Gregory Walker,hmcneil@example.com,768.772.9047x742,POL-933551,home,2024-09-23,2025-01-11,Protect benefit manage store number call method south central process sea response executive.,2025-01-16,5795.95,50000,11.59,5,5285.42,3,"Garcia, Perez and Lopez",6014.45,4,Forget wind property mind officer third service capital instead product often various alone town.,NONE,FALSE,0.0
CLM-000249,Craig White,cynthiaconley@example.org,(865)909-7753,POL-989053,auto,2023-07-19,2025-06-17,Law enjoy key seat pretty method front you.,2025-06-23,5291.29,100000,5.29,6,5807.2,5,Scott Group,5967.92,3,Lead benefit task shake enjoy site interview agent myself behind window store build require call girl laugh network vote.,NONE,FALSE,0.0
CLM-000250,Catherine Wilkins,donaldbecker@example.org,758.592.9880,POL-653815,auto,2025-11-24,2026-08-16,Coach city quite play teacher difficult us respond must western interest dark.,2026-09-11,20000.0,50000,40.0,26,15073.29,5,Haley Group,19626.57,2,Hope miss instead live focus return feel avoid remain property decade safe order at.,inflated_loss_value,TRUE,0.18
CLM-000251,John Martin,petermoore@example.com,(593)935-1342x6192,POL-690882,umbrella,2026-01-11,2026-03-15,Public set action bring find bill pick.,2026-03-21,18586.11,100000,18.59,6,15868.94,2,Hall-Gonzales,16814.81,4,Must particular child they senior result themselves we American study eight.,NONE,FALSE,0.0
CLM-000252,Christopher Mckinney,oblake@example.net,219-395-3766,POL-960778,home,2023-04-05,2025-12-11,Success run toward policy forget project economy ground actually.,2025-12-16,3739.64,100000,3.74,5,3078.03,1,"Shaffer, Sanchez and Simpson",3998.38,7,Its entire young step maintain parent not parent that property among blue study poor better believe whom draw oil remember.,NONE,FALSE,0.0
CLM-000253,Michelle Williams,kphelps@example.net,3666039205,POL-666820,home,2024-09-27,2025-11-24,Soon rock support effect stand general wind eat land answer leader.,2025-12-01,17139.41,100000,17.14,7,17596.74,1,"Baker, Leon and Clark",19490.07,8,Possible scientist send sit common matter become goal Mrs source whole first figure trial bed image perform police series.,NONE,FALSE,0.0
CLM-000254,Karla Rogers,whuang@example.org,(650)413-9488,POL-462659,auto,2024-09-26,2025-02-03,Peace away behavior Republican trip production system certainly future government card.,2025-02-09,2490.13,100000,2.49,6,2318.63,0,Garcia-Blanchard,2495.55,7,Party wife food different step early choice yeah ago difference reason despite themselves key.,NONE,FALSE,0.0
CLM-000255,Edward Oconnell,amassey@example.net,+1-893-662-8969,POL-131064,umbrella,2025-06-20,2026-04-25,Sound enjoy have tonight view floor ground when care team.,2026-04-30,8537.36,100000,8.54,5,8836.72,3,"Wright, Medina and Anderson",8940.16,5,Remain movement bit step direction give reduce with start difference especially student least just opportunity ask yet against.,NONE,FALSE,0.0
CLM-000256,Stephanie Woods,brycegomez@example.net,694-709-7626x374,POL-812711,umbrella,2023-08-27,2025-08-02,Now then watch certain much race fire according.,2025-08-07,18881.71,50000,37.76,5,17258.29,4,"Brown, Webster and Matthews",18666.72,4,Pass morning room run eat own serve conference Congress power.,NONE,FALSE,0.0
CLM-000257,Brandon Shah,yballard@example.net,625.821.4526x4712,POL-498458,umbrella,2023-05-27,2025-09-05,Dinner worry plan fund sell model after paper.,2025-09-11,2396.63,50000,4.79,6,2373.07,5,"Brown, Brooks and Jackson",2437.1,5,Actually force fill son nothing hear attorney common PM marriage movement wish best raise choice hear computer key suffer.,NONE,FALSE,0.0
CLM-000258,Robin Wallace,mcconnellpamela@example.org,741-952-9821x7392,POL-566339,home,2024-01-08,2026-03-27,Story six want protect assume east center whether make some among around word.,2026-03-28,2738.89,100000,2.74,1,2412.77,1,Cochran-Browning,2536.73,6,Better mind professional fly month offer mother hour national cut fly language cup want international itself bank agency bit night.,NONE,FALSE,0.0
CLM-000259,Willie Townsend,rosebobby@example.org,799-282-5080x0463,POL-208310,auto,2025-07-30,2025-11-28,School model condition he recognize treat better wear throughout Republican authority.,2025-12-02,11582.72,100000,11.58,4,10495.96,0,Simpson PLC,12498.65,5,Administration two deal ready under above drive sport story worker would step head study and center east protect think institution.,NONE,FALSE,0.0
CLM-000260,Lori Harris,robert06@example.com,(343)374-9060x7231,POL-506637,auto,2023-09-20,2025-10-31,Total major contain force want either race us.,2025-11-07,8319.52,50000,16.64,7,8904.72,1,Mitchell-Mitchell,8915.1,4,End set house those dark beat suffer customer million along long born also hold base really attack job he.,NONE,FALSE,0.0
CLM-000261,Randy Bates,kaylahardy@example.org,001-202-854-2573,POL-415759,home,2024-09-14,2026-03-02,Check factor as contain create price keep the attorney early.,2026-03-08,8233.91,50000,16.47,6,6947.61,1,"Roberts, Martin and Payne",8484.24,6,Arm range improve move peace college usually have century billion do high none sport shoulder.,NONE,FALSE,0.0
CLM-000262,Mark Elliott,smithmadison@example.com,001-664-796-7379,POL-363926,auto,2022-10-29,2024-12-05,Look together lawyer these difference expert room white home either civil.,2024-12-08,10200.39,50000,20.4,3,10072.99,4,"Smith, Trujillo and Thomas",11067.43,6,Improve they surface would by phone decade image third leave laugh weight less full program card morning.,NONE,FALSE,0.0
CLM-000263,Laura Gould,rachel86@example.com,+1-543-562-7187x4960,POL-514913,home,2022-09-28,2025-03-07,Necessary church his military Congress kitchen really history project event.,2025-03-08,3574.3,50000,7.15,1,3524.47,2,"Becker, Hammond and Davidson",3688.92,6,Site cup in life test candidate use first usually partner same then put skin beat across television apply system.,NONE,FALSE,0.0
CLM-000264,Christina Hernandez,kylejones@example.net,397-875-2441x82226,POL-723266,auto,2024-05-24,2025-04-26,No pick record example summer economic box war.,2025-05-03,16647.17,100000,16.65,7,14919.19,5,Davis-Williams,15985.54,5,List local short only write gun kid occur language after man public gas fund be have.,NONE,FALSE,0.0
CLM-000265,Megan Rangel,haneykrystal@example.net,854.415.9709,POL-405605,umbrella,2023-01-06,2025-01-16,Surface court exactly minute trouble majority town appear draw fill.,2025-01-18,19326.92,100000,19.33,2,19131.15,4,Ferrell-Morgan,21928.17,5,Seek service leader bag necessary candidate within person same affect herself toward here along.,NONE,FALSE,0.0
CLM-000266,Gabriela Pratt,vrussell@example.org,(348)237-4417x158,POL-482746,auto,2023-05-05,2026-01-13,South blood avoid health child soon single.,2026-01-17,6325.7,100000,6.33,4,6130.58,4,Smith Inc,7585.65,4,Thank pay choose personal the leave them skill black business region current second ball begin.,NONE,FALSE,0.0
CLM-000267,Rickey Hall,lovepaul@example.net,237.337.9274x90728,POL-862538,home,2023-11-14,2026-08-05,Wind enjoy there offer country buy seven could.,2026-08-11,15584.74,50000,31.17,6,15779.71,3,Avila-Perez,17755.78,8,Play or own media experience interview station save most pressure why edge senior ask artist general.,NONE,FALSE,0.0
CLM-000268,Sabrina Miller,vsmith@example.net,959-759-1945,POL-529016,umbrella,2024-09-03,2026-02-26,Have feel major national seat direction color real important they food someone.,2026-02-27,16560.35,100000,16.56,1,13939.74,2,Ford-Nolan,16106.7,8,Check scene history wear them small high that change hand its stage town character watch describe administration.,NONE,FALSE,0.0
CLM-000269,Craig Crawford,kevinmoses@example.net,333-379-7662x705,POL-177558,home,2023-11-17,2025-08-20,Relationship part center million management describe make whatever place full.,2025-08-22,14589.49,100000,14.59,2,13769.13,3,Sutton-Patterson,15469.39,8,Out morning game health read campaign north list adult have early.,NONE,FALSE,0.0
CLM-000270,Susan Orr,jbuchanan@example.com,001-553-525-9399,POL-690579,umbrella,2024-08-07,2026-07-31,None three finish thing his chance focus more leg too water road.,2026-08-27,21000,50000,42.0,27,13223.8,4,Cole and Sons,24984.02,7,Republican hair sing listen development able green per no situation what machine fire third.,multiple_claims,TRUE,0.15
CLM-000271,Chelsea Bradshaw,phillipsbruce@example.org,884.336.6044x32400,POL-635482,umbrella,2023-07-22,2025-02-02,Let travel challenge personal new order serve blue event every.,2025-02-03,1200.41,50000,2.4,1,1161.27,5,"Obrien, Mitchell and Willis",1287.52,6,What buy test need hard firm result nearly pick position how force structure alone executive.,NONE,FALSE,0.0
CLM-000272,Sophia Brown,tylermcintosh@example.org,(318)823-1555,POL-717181,umbrella,2024-05-03,2025-10-27,Seem manage nation modern politics how choice state sport large.,2025-10-30,8431.55,100000,8.43,3,7126.54,0,Farmer LLC,8809.55,5,Dream population newspaper appear successful different amount despite discussion check that may follow.,NONE,FALSE,0.0
CLM-000273,Alicia Cannon,tjohnson@example.net,(781)403-9033x97051,POL-971699,umbrella,2025-09-21,2026-03-15,Defense movie trip season example news memory civil cut parent free.,2026-03-19,18490.4,50000,36.98,4,16724.54,2,Hurst-Long,19167.14,4,Later knowledge whose public show daughter both hold blood value day service save fear.,NONE,FALSE,0.0
CLM-000274,Kevin Turner,obrown@example.org,001-743-580-4032,POL-559450,umbrella,2024-01-14,2026-01-26,Water home force worker own close man night experience would tax eat.,2026-01-31,10175.59,50000,20.35,5,9521.65,0,"Rodriguez, Smith and Johnson",10074.64,8,Tax water us field high nothing city apply democratic.,NONE,FALSE,0.0
CLM-000275,Shawn Jones,tvaldez@example.org,442-247-3107,POL-214675,umbrella,2022-09-30,2025-01-26,Beat doctor thank often newspaper establish reflect.,2025-01-27,1429.12,50000,2.86,1,1213.76,5,Brown-Holt,1390.78,4,Assume question air market store include win officer analysis as show exactly example.,NONE,FALSE,0.0
CLM-000276,Allison Nelson,jimmywest@example.org,+1-909-968-7304x5195,POL-584498,auto,2023-05-02,2025-08-25,Clearly probably he necessary certainly same get community I level girl factor.,2025-08-30,4042.58,100000,4.04,5,3725.29,1,"Walton, Simpson and Daniels",3864.37,8,Which beat education case under population late much quite threat gas truth work certain game.,NONE,FALSE,0.0
CLM-000277,Sarah Berry,makaylasanders@example.com,488-508-1904,POL-306909,home,2024-03-19,2025-12-15,Major for student health view mission standard despite go impact.,2025-12-19,8516.07,100000,8.52,4,7910.29,0,Perez Ltd,9464.94,4,Choose really send respond throw wide son manager trouble reason fill sense field decide point week course.,NONE,FALSE,0.0
CLM-000278,Daniel Carey,jonesshaun@example.org,(956)209-4565x34699,POL-165602,umbrella,2024-05-09,2024-09-20,With matter goal eight list something send show institution onto thing we.,2024-09-23,15294.18,100000,15.29,3,15903.66,4,"Henry, Johnson and Johnson",14622.58,5,Service beautiful edge begin early store piece behind here front page light follow need region later party believe.,NONE,FALSE,0.0
CLM-000279,Megan Johnson,ljones@example.com,696-480-4918x727,POL-613261,umbrella,2024-03-08,2026-01-21,Face former body choice study current.,2026-01-23,9693.46,50000,19.39,2,8666.16,3,Wright-Hughes,10501.82,7,Significant analysis consumer future raise suffer director know red treatment big cause.,NONE,FALSE,0.0
CLM-000280,Kristine Kim,laura60@example.net,658.716.7046x86111,POL-747351,auto,2023-10-23,2026-03-04,Husband try trade then building class now professor land you health enjoy.,2026-03-05,7610.57,100000,7.61,1,7626.37,2,Arellano Ltd,8947.02,7,Old break always dark feel second hospital head member activity modern entire.,NONE,FALSE,0.0
CLM-000281,Robert Flores,michellesolis@example.org,+1-477-373-1268x81228,POL-663483,umbrella,2023-02-03,2025-10-01,Message would not east send style gun different energy arrive it that.,2025-10-07,11000,50000,22.0,6,6930.64,3,Johnson-Powers,11731.21,8,Hospital paper term security camera past so thousand position sense church out explain significant item all.,multiple_claims|inflated_loss_value,TRUE,0.33
CLM-000282,Steven Thomas,woodphillip@example.com,+1-454-989-5478x7698,POL-572908,umbrella,2024-08-04,2024-10-27,Before majority garden military place edge environmental even eye message.,2024-10-30,3665.63,50000,7.33,3,3884.31,0,Mcintosh-Nguyen,3831.99,4,Not give fill stay military in enough interest probably shoulder three cause show.,NONE,FALSE,0.0
CLM-000283,Heather Daniels,james79@example.net,(714)533-9527,POL-784793,home,2024-01-20,2025-04-12,Machine establish nothing Mr chair paper education whom spend worker about.,2025-04-19,8294.94,100000,8.29,7,8339.81,3,Burnett LLC,9232.62,6,Lawyer yard on everyone note current anything into word other live hit budget Congress guess soon approach suggest.,NONE,FALSE,0.0
CLM-000284,Debra Bowers,qharris@example.net,5015594463,POL-700534,auto,2024-05-30,2025-03-30,Page seem until government door age once several commercial whom himself my admit.,2025-05-01,20000.0,50000,40.0,32,12011.52,4,Davis Ltd,21252.26,1,Without especially main believe suddenly determine least close community detail blue draw final often outside hit degree beyond bank Republican.,short_policy_coverage,TRUE,0.12
CLM-000285,Janice Gilbert,wjohnson@example.com,876.985.5078,POL-545807,auto,2023-06-07,2025-07-29,Day certain back student raise collection identify design government ever resource together here.,2025-08-05,14660.62,100000,14.66,7,15379.3,1,Yu-Parks,14503.94,3,During recently laugh son home generation herself make right training become effort direction hand young long collection table population.,NONE,FALSE,0.0
CLM-000286,Sarah Werner,brandon31@example.net,(919)480-4184,POL-191208,home,2023-05-19,2025-11-20,Center job that control important coach at the per.,2025-11-24,5993.49,100000,5.99,4,6581.97,1,"Pena, Mueller and Mckay",5771.51,8,Explain like institution collection admit which owner baby significant especially situation move.,NONE,FALSE,0.0
CLM-000287,Jackie White,johnsmith@example.org,001-548-708-8062x20722,POL-739905,umbrella,2024-12-19,2026-04-01,Situation left lawyer report require class paper amount work career expert more majority.,2026-04-06,14093.54,100000,14.09,5,11976.61,1,Pierce-Barber,16002.58,4,Level positive mind skill officer study if edge view cold teach call already available yes success break tough him.,NONE,FALSE,0.0
CLM-000288,John Christensen,ryanlittle@example.org,892.946.3203x747,POL-394739,umbrella,2023-09-12,2025-04-15,He daughter candidate where early certainly policy big hear go travel.,2025-04-22,2127.8,50000,4.26,7,1809.72,5,"Wiggins, Miller and Carter",2101.82,7,Necessary American wonder suggest attack former financial medical action big season no art meeting piece he large free.,NONE,FALSE,0.0
CLM-000289,Gabriel Richardson,stephensonkatherine@example.com,001-580-389-8126x57422,POL-812296,auto,2025-06-16,2025-12-01,Himself hour among field well create notice individual stay charge natural effort trouble.,2025-12-04,19095.55,100000,19.1,3,20791.84,3,Ritter and Sons,22449.31,5,Enter lot at life wonder understand management bag least.,NONE,FALSE,0.0
CLM-000290,Veronica Jefferson,barbara85@example.net,+1-758-629-8493x30674,POL-239136,auto,2025-12-31,2026-06-28,Win yard anything option soon election station never such despite what less.,2026-07-05,13462.03,100000,13.46,7,13642.67,1,Howe Ltd,15191.12,8,Media include hundred note federal drug performance way production simple unit arm image it increase within free have final.,NONE,FALSE,0.0
CLM-000291,Dr. Jennifer Lewis MD,justinbishop@example.org,929-359-6111x10286,POL-381770,umbrella,2024-06-02,2025-08-30,Yeah able concern card worker happen rate.,2025-09-03,10299.72,100000,10.3,4,9399.03,0,"Howard, Armstrong and Williams",11227.6,3,Form although old write pass start court color hospital year blue order past moment.,NONE,FALSE,0.0
CLM-000292,Austin Obrien,eric81@example.com,+1-634-806-5277x584,POL-486999,home,2024-11-27,2026-05-10,Southern dog world finally force drive chance choice bag onto brother.,2026-05-14,10796.66,50000,21.59,4,9697.42,0,Bolton and Sons,12531.38,8,Reveal executive four floor dream loss important upon property public role.,NONE,FALSE,0.0
CLM-000293,Stephanie Douglas,eric35@example.org,9044627765,POL-796405,umbrella,2024-03-18,2025-04-18,Seat religious probably when seem test contain than clearly economy.,2025-04-19,14887.71,50000,29.78,1,15707.01,4,Tucker LLC,15175.26,6,Among cell mention manager everyone dark Congress although across guess gas.,NONE,FALSE,0.0
CLM-000294,Brian Ingram,jasoncook@example.net,001-684-986-8999x3607,POL-968581,home,2024-11-22,2025-12-02,Expect adult operation whole artist stop.,2025-12-09,5025.18,50000,10.05,7,4845.24,1,Hickman-Sloan,5376.15,6,Occur type strong development enter through system stage protect often house above director develop start dream able answer away sort.,NONE,FALSE,0.0
CLM-000295,Teresa Smith,kayla07@example.net,488.541.3685,POL-150760,auto,2025-05-27,2025-10-05,Rate bag positive water again candidate.,2025-10-12,7531.05,100000,7.53,7,7439.58,3,"Simon, Jackson and Carter",6814.73,4,Indeed town daughter clearly best use finally my nature attention work their table.,NONE,FALSE,0.0
CLM-000296,Richard Bauer,tammy17@example.com,388-778-1794,POL-548580,auto,2022-09-07,2024-09-11,Good hold country war rise treat per.,2024-09-15,9673.84,100000,9.67,4,10378.31,5,Gay and Sons,9582.52,5,Garden miss ready create yard serious goal future home series billion.,NONE,FALSE,0.0
CLM-000297,Christy Lee,vayala@example.net,237-287-6553,POL-489906,umbrella,2023-02-06,2025-09-18,Could number admit professor head full see account firm less care.,2025-09-19,13437.17,50000,26.87,1,13365.6,0,Wheeler PLC,13691.17,5,Or list network necessary seven build specific skill point early Mr.,NONE,FALSE,0.0
CLM-000298,Brian Crosby,heathercabrera@example.org,256-618-5174x460,POL-787326,auto,2023-06-28,2025-07-17,Continue behavior case modern outside beyond box window should five.,2025-07-23,14289.39,50000,28.58,6,11839.55,1,White and Sons,14904.43,4,Song discuss everybody success nearly must teacher speech near officer real father need father time sell American try information price.,NONE,FALSE,0.0
CLM-000299,Benjamin Rush,rodriguezthomas@example.com,(468)314-2983x152,POL-109738,auto,2023-03-13,2025-03-24,Speech like rock call scene state radio draw impact race themselves office role success.,2025-03-29,5297.63,100000,5.3,5,4784.14,0,Kelley-Brown,6338.33,6,Party home stay fall carry wind in official especially pattern threat religious effort.,NONE,FALSE,0.0
CLM-000300,Brian Garza,hayley92@example.net,001-813-420-3301,POL-501677,auto,2023-10-09,2025-11-25,Everybody both able decision book recent including game.,2025-12-01,3511.33,50000,7.02,6,3658.06,0,Thomas-Ramsey,3490.28,5,Than foot in process quite kitchen cut play deal good thank.,NONE,FALSE,0.0
CLM-000301,Katherine Avery,awilliams@example.com,620.607.8436x142,POL-239613,umbrella,2024-06-05,2026-05-29,International add size morning only girl popular last.,2026-05-31,8271.7,100000,8.27,2,6971.85,4,"Shields, Franco and Stuart",8842.34,7,Civil determine toward admit doctor magazine despite we meeting value body return miss ready.,NONE,FALSE,0.0
CLM-000302,Rebecca Francis,brownsusan@example.org,944.238.9982,POL-323404,umbrella,2023-01-20,2025-03-26,When force ready network nothing ability cover.,2025-04-01,4118.21,50000,8.24,6,3481.59,3,Oconnor Ltd,4467.53,6,Economy source only pick prove whether north ground here person three foot tax ground serve mouth manage.,NONE,FALSE,0.0
CLM-000303,Melissa Garcia,jessedelacruz@example.org,368.211.8723x335,POL-246814,auto,2023-10-26,2025-07-20,Activity onto build exactly open last decide future door.,2025-07-27,5127.65,100000,5.13,7,5225.09,2,Davis LLC,6096.65,5,Mr pick set analysis ready must price receive according success stage describe in former become old under everyone interview give.,NONE,FALSE,0.0
CLM-000304,Michael Johnson,hooperashley@example.net,932-223-0233x324,POL-188341,auto,2023-10-09,2025-05-27,Difficult care brother treatment daughter phone they federal rather child as.,2025-06-03,3656.77,50000,7.31,7,3584.73,5,Wells Inc,3957.64,8,Hear mouth range throw board share deep child board director spend entire.,NONE,FALSE,0.0
CLM-000305,Megan Dodson,olivia29@example.net,+1-593-876-2974x54930,POL-416302,auto,2024-03-13,2025-09-24,Heart movement until themselves break reason too discover record.,2025-09-25,17109.95,100000,17.11,1,16803.31,1,Castro Group,19237.63,5,Republican stage apply conference then sometimes drive anything teach myself avoid much base modern behavior end nature stock analysis make.,NONE,FALSE,0.0
CLM-000306,Richard Hale,holmescolleen@example.org,(381)757-2450x00000,POL-350967,home,2025-03-15,2026-05-14,Serious space one bar couple well better situation.,2026-05-20,2036.81,100000,2.04,6,1698.34,3,"Holland, Brown and Mccoy",2223.02,3,Ago change government here boy trial population sell end be spend outside office live make travel baby compare shake may.,NONE,FALSE,0.0
CLM-000307,John Hunter,mjohnson@example.org,6434655158,POL-478638,home,2025-10-25,2026-04-08,Help but include something memory wrong hard any financial color officer.,2026-04-13,17885.77,50000,35.77,5,16384.29,4,"Williams, Klein and Weber",18355.43,7,Image drive own pass least great your sign single.,NONE,FALSE,0.0
CLM-000308,Kelly Martinez,adamsbrandon@example.org,(548)518-8044x2877,POL-907788,auto,2026-06-20,2026-08-06,Responsibility could positive hundred drug pull center hundred question rise.,2026-08-12,4282.64,50000,8.57,6,4180.75,0,"Duncan, Caldwell and Cross",4191.23,3,Father again these series candidate reveal suddenly issue bit whether edge left American hope watch place.,NONE,FALSE,0.0
CLM-000309,Jacqueline Roberts,lopezkristina@example.net,+1-655-282-4301x76464,POL-400404,umbrella,2022-12-04,2025-01-01,Room happy new may condition word former win.,2025-01-02,19024.92,50000,38.05,1,18079.66,3,Bishop-Terry,19539.97,6,Also rather arm table draw trouble decade share great stock election fire remember house develop.,NONE,FALSE,0.0
CLM-000310,Brandon Greene,ygriffith@example.org,+1-509-433-9137,POL-260097,home,2024-08-28,2024-12-21,Popular yourself always image alone baby base seek seven market which.,2024-12-22,13170.21,100000,13.17,1,11760.63,4,Davis-Yu,15491.82,4,Single result modern across treatment decade ago specific only free increase near study model actually read.,NONE,FALSE,0.0
CLM-000311,Kathleen Daniel,hornerebecca@example.org,+1-336-659-5201x491,POL-900298,umbrella,2023-05-15,2025-05-11,Much difficult however local study only series.,2025-05-16,7208.26,100000,7.21,5,7157.42,2,Lee-Briggs,7998.31,8,Walk paper media available later friend industry begin value receive tax family.,NONE,FALSE,0.0
CLM-000312,Paul Gallegos,stricklandmatthew@example.com,(566)708-1126x0030,POL-555589,auto,2024-05-17,2025-09-23,Huge parent stand several hit rate authority wait defense well.,2025-09-30,5534.11,50000,11.07,7,5443.84,0,King LLC,5494.19,8,Appear involve nearly job board phone magazine several popular central decision modern enough see American.,NONE,FALSE,0.0
CLM-000313,Abigail Rose,vdeleon@example.com,778.382.6033,POL-842287,auto,2023-02-15,2025-03-04,Bill have reality adult state medical.,2025-03-10,15072.51,50000,30.15,6,12109.33,3,"Carpenter, Brown and Roberts",17874.56,7,Consider administration yet yeah old close series relationship perhaps personal short of heart sister fast need painting outside role.,NONE,FALSE,0.0
CLM-000314,Mrs. Stacy Phillips,beth93@example.org,591-640-8499x32312,POL-275073,home,2025-08-11,2026-01-17,Simply involve nor whether area performance age.,2026-01-22,15876.75,100000,15.88,5,16272.6,2,"Kennedy, Sanders and Wilson",17780.07,3,Win air kind see finally wall right mind determine prove own gun during wear catch today.,NONE,FALSE,0.0
CLM-000315,Veronica Clayton,susan12@example.net,001-796-450-8269,POL-550179,home,2024-08-27,2026-03-16,Produce behavior nearly of general piece type describe no speak better.,2026-03-23,18098.05,50000,36.2,7,14825.23,5,"Khan, Miranda and Aguirre",21582.2,8,Number wonder seek edge court environment must drive someone financial meeting personal American ahead where.,NONE,FALSE,0.0
CLM-000316,Aaron Phelps,yburke@example.org,7162831139,POL-158132,home,2023-02-27,2025-08-24,War heart argue possible bag picture.,2025-08-25,10426.8,100000,10.43,1,10114.68,2,Hodge LLC,9876.19,3,Laugh similar television miss the we politics phone anyone.,NONE,FALSE,0.0
CLM-000317,Debra Huang,sramos@example.com,(707)226-6292,POL-876764,umbrella,2025-05-04,2025-06-05,Sometimes second man personal listen his answer claim record own shoulder enjoy however.,2025-06-10,13808.29,50000,27.62,5,11229.06,0,"Leonard, Baker and Waller",13440.51,6,Dark discussion visit west fire resource commercial general which board name bad.,NONE,FALSE,0.0
CLM-000318,Stephanie Martin,millerfrank@example.com,736-838-5277,POL-999138,auto,2023-01-29,2024-09-16,Couple language through nation film or rise.,2024-09-19,8276.61,50000,16.55,3,8615.41,5,Lin LLC,9288.01,6,Cell how member win behind every yet door daughter.,NONE,FALSE,0.0
CLM-000319,John Rodriguez,rebeccafigueroa@example.com,+1-682-821-0217x98213,POL-855276,home,2024-05-07,2025-03-10,Occur future stop six rather just serious term.,2025-03-12,7114.24,50000,14.23,2,7454.29,4,Baxter PLC,7198.49,7,Theory summer concern race five ahead director seek where age size open rest.,NONE,FALSE,0.0
CLM-000320,Wendy Chavez,powellsharon@example.org,(782)705-0682x1223,POL-943409,umbrella,2025-05-03,2025-07-19,Beat hotel them hand since much language bit.,2025-07-25,18136.88,50000,36.27,6,19700.71,0,Sullivan-Hernandez,21094.96,5,Mission show company word catch nothing why sense western newspaper.,NONE,FALSE,0.0
CLM-000321,Cynthia Hanson,krista02@example.org,6504938694,POL-679958,home,2025-08-27,2025-10-04,Think front save mention picture positive exist later nation.,2025-10-11,17052.08,50000,34.1,7,15528.92,2,Rivers-Potter,18231.1,5,Receive kid ground condition time I hospital cultural shoulder.,NONE,FALSE,0.0
CLM-000322,Luis Hill,stuartbryan@example.net,+1-477-498-7682x99687,POL-720432,home,2023-10-04,2026-01-02,Might cultural yes although poor five modern human control personal.,2026-01-08,12831.63,50000,25.66,6,13252.07,5,Wood Ltd,15014.71,4,Third professional test sense hope road forward lead although pull collection tonight compare second.,NONE,FALSE,0.0
CLM-000323,Clayton Mills,mwatkins@example.org,(394)723-2894x633,POL-344315,umbrella,2025-05-06,2026-05-25,Clearly bag quite foreign mouth full writer low trial gas cold.,2026-05-27,1121.18,50000,2.24,2,1110.85,5,"Jackson, Shah and Walker",1304.11,5,Gas part rather bill team vote blood represent hard agent position million what.,NONE,FALSE,0.0
CLM-000324,Alexis Flores,smejia@example.com,303.949.1891,POL-873935,umbrella,2025-08-25,2026-08-04,Machine another miss relate old especially also stuff decision film foot law force.,2026-08-05,15419.65,50000,30.84,1,12816.58,4,Harris-Robinson,18425.48,6,Hand though stage live suffer modern draw international surface animal where entire.,NONE,FALSE,0.0
CLM-000325,Maria Rodriguez,johnsonmichael@example.com,(698)719-8780x9270,POL-249289,umbrella,2025-07-08,2026-05-20,Dog method newspaper short I three very.,2026-05-24,19262.52,100000,19.26,4,15947.59,1,"Lamb, Pacheco and Patterson",22521.47,7,Western tell on indeed senior much evidence television catch relationship.,NONE,FALSE,0.0
CLM-000326,Dr. Diana Chen,yoconnell@example.com,001-294-428-2491x165,POL-884229,auto,2024-01-01,2025-09-16,Think amount soon head director positive.,2025-09-20,14316.09,50000,28.63,4,11863.36,1,Jones and Sons,15621.21,6,Poor stay yard break for fish decade food lose miss plant.,NONE,FALSE,0.0
CLM-000327,Melanie Campbell,melissa89@example.com,(299)472-7367x7462,POL-794622,auto,2024-10-18,2025-07-17,Suffer world region try explain wear attorney despite spend remain.,2025-07-18,12246.02,50000,24.49,1,10868.38,2,Mclaughlin and Sons,14423.52,6,Call paper these population phone perhaps arrive scene those mind.,NONE,FALSE,0.0
CLM-000328,Damon Tran MD,katiepowell@example.net,772-625-7754,POL-574751,home,2024-10-13,2025-07-09,Career choice number allow central bed staff talk score him price drop.,2025-07-15,16806.1,50000,33.61,6,13821.44,1,Long PLC,15811.74,7,Responsibility whether population compare lead Democrat kitchen response describe north old control.,NONE,FALSE,0.0
CLM-000329,Christopher Moore,joycekeith@example.org,001-765-591-4388x2325,POL-588694,home,2025-02-22,2026-05-14,Talk music floor vote environment business right leg season manage claim hotel east.,2026-05-15,3952.8,50000,7.91,1,3305.41,2,Duncan LLC,4701.42,4,Officer well marriage resource bring throw page summer old able number key class.,NONE,FALSE,0.0
CLM-000330,Linda Wolf,nhiggins@example.com,001-752-898-8322x012,POL-225738,auto,2024-10-30,2025-05-09,Nature community third enter never paper.,2025-05-13,6857.85,50000,13.72,4,7147.79,2,"Dyer, Stone and Hunter",7872.24,8,Just raise really reveal these project group door movement under sometimes two so sport American admit within door hold.,NONE,FALSE,0.0
CLM-000331,Rebecca Flores,kjones@example.org,001-991-602-9295x0143,POL-443716,auto,2024-07-07,2024-11-07,Cover partner cultural above indeed like decision order behavior whose certain any.,2024-11-12,1766.27,100000,1.77,5,1789.84,2,Dennis Inc,1799.61,3,Church term under whether improve sell cause boy sign pull break him.,NONE,FALSE,0.0
CLM-000332,Amanda Williamson,griffinjennifer@example.net,001-787-533-9304x9366,POL-282313,auto,2023-09-07,2024-11-24,Add condition practice professor feeling minute change size computer bed age next.,2024-11-30,6677.97,100000,6.68,6,7054.48,4,Garrett-Taylor,7508.87,4,Teacher office force care others heart admit statement create suggest yes glass herself social special.,NONE,FALSE,0.0
CLM-000333,Timothy Baldwin,david97@example.org,001-813-671-2436x58585,POL-246583,auto,2026-01-18,2026-03-01,Deep agree walk thousand sing agent wrong.,2026-03-02,9778.82,100000,9.78,1,8003.97,1,Henderson LLC,9184.41,6,Class discuss manager art out article responsibility who issue technology against direction call example practice too garden end tell still.,NONE,FALSE,0.0
CLM-000334,Courtney Page,antonio01@example.org,+1-956-779-7564x915,POL-188121,umbrella,2024-05-02,2026-01-22,Expect such watch economy success carry special left able analysis.,2026-01-25,14039.42,100000,14.04,3,12321.64,0,Hammond PLC,12727.3,3,Although ago treatment society network beyond human shake bed class might.,NONE,FALSE,0.0
CLM-000335,Robin Santiago,lrodriguez@example.org,001-215-907-1380x6713,POL-235047,auto,2023-02-28,2025-10-11,Forward why spend explain wide west man current.,2025-10-13,18147.43,50000,36.29,2,19130.71,2,Thompson-Padilla,16999.76,6,Admit itself give teacher put land region other many.,NONE,FALSE,0.0
CLM-000336,Felicia Cooke,catherinemoore@example.com,966-262-1591x832,POL-961599,umbrella,2023-11-29,2025-02-05,Arm entire increase beyond whole phone.,2025-02-06,4191.79,100000,4.19,1,3977.33,3,Fischer Inc,4631.78,4,Land magazine level trial also see enjoy door should.,NONE,FALSE,0.0
CLM-000337,Kristine Graves,audrey53@example.net,001-915-820-4998x094,POL-393448,home,2023-03-28,2025-10-17,More manage difference assume leg keep build increase owner seek bill traditional western.,2025-10-20,5079.61,50000,10.16,3,4290.18,4,Robinson LLC,5515.2,4,Machine number eat store several join decision read middle.,NONE,FALSE,0.0
CLM-000338,Keith Wilson,eroman@example.net,326-320-3708x782,POL-677438,home,2025-08-15,2025-11-15,Area citizen program agree sort physical believe us view want son.,2025-11-21,6607.0,50000,13.21,6,5459.47,3,Wood Ltd,6218.32,4,Number other those sister large chair born wish while room Mr personal who until meet spring surface wife up thus.,NONE,FALSE,0.0
CLM-000339,Peter Hayes,alejandra39@example.com,957.308.2004x80675,POL-761393,umbrella,2022-12-28,2025-04-19,Success herself be other before possible base citizen.,2025-04-25,17808.4,100000,17.81,6,14351.06,3,Craig-Garza,20204.96,5,Outside interest tough character risk hot wall prove summer professor anyone amount.,NONE,FALSE,0.0
CLM-000340,Deanna Tyler,brodriguez@example.org,983.827.4883x5651,POL-693128,umbrella,2024-06-01,2025-05-26,Fall and painting instead policy strong heavy national.,2025-05-30,11345.84,50000,22.69,4,10398.63,1,"Baker, Carr and Johnson",10299.97,7,Memory charge know check full history civil value oil during piece every national a whose whether single.,NONE,FALSE,0.0
CLM-000341,Michael Perez,beardderrick@example.com,(672)387-9916x0911,POL-394579,auto,2022-11-15,2025-03-22,Your both to yes eat product would policy.,2025-03-24,1556.77,100000,1.56,2,1708.49,4,Lutz and Sons,1568.03,7,Blue degree rest thus game wonder analysis effort news behind forward stop against close trade everything.,NONE,FALSE,0.0
CLM-000342,Caleb Davis,debra34@example.com,4966617718,POL-788772,auto,2024-06-19,2025-04-17,Mrs send piece national what role term left necessary best bag even might.,2025-04-19,19505.62,50000,39.01,2,18727.48,5,Cobb LLC,17882.22,4,Continue house heavy enter instead production pay trip recognize ok recent near find medical note read term force open without.,NONE,FALSE,0.0
CLM-000343,Caleb Taylor,brianmcdaniel@example.com,(836)505-1171x603,POL-472039,auto,2025-09-21,2026-04-19,Fire improve remember call method employee head argue magazine any order.,2026-04-24,17083.6,100000,17.08,5,14879.22,2,"Armstrong, Roman and Evans",19507.13,8,Economic another turn your radio ever total technology party issue improve force job class star use fire tend majority kitchen.,NONE,FALSE,0.0
CLM-000344,Jerry Benton,tami38@example.net,4628354662,POL-139807,auto,2025-07-11,2025-10-06,Red approach how free part director approach reason push civil.,2025-10-29,6000,100000,6.0,23,4479.04,3,Wilson and Sons,5435.87,8,Congress seven later who long prevent financial care firm attack agree bad exactly work.,suspicious_repair_quotes,TRUE,0.11
CLM-000345,Sarah Ochoa,amanda86@example.org,9804179867,POL-945619,auto,2023-11-03,2024-11-15,Themselves common other walk know size add soon.,2024-11-16,7302.95,100000,7.3,1,7413.09,2,Taylor-Higgins,6703.14,4,Table police interesting challenge book clearly data economy save this garden involve recent.,NONE,FALSE,0.0
CLM-000346,Kim Murray,terri25@example.com,824.621.8385x45400,POL-216308,umbrella,2023-08-28,2026-02-24,Present expect level science thank suddenly baby cause cover.,2026-03-01,14389.23,50000,28.78,5,13086.53,0,"Rollins, Mitchell and Medina",14563.01,8,Radio per spring be just similar shake drug fall political score majority air test never here college authority.,NONE,FALSE,0.0
CLM-000347,Mary Brown,lawsonpaul@example.org,4456306935,POL-438273,auto,2025-02-12,2025-08-22,Throw former director figure along TV record plant billion attorney their key measure.,2025-08-26,12134.32,50000,24.27,4,12373.43,3,"Stein, Kirby and Reed",13803.43,6,Everything effort prove growth energy apply mother standard these read little people.,NONE,FALSE,0.0
CLM-000348,Ashley May,john91@example.org,+1-878-484-8699,POL-286340,umbrella,2025-07-04,2025-08-04,Article year fire official car look ever last case heavy already become rock.,2025-09-15,25000.0,100000,25.0,42,14130.1,5,"Fernandez, Stuart and Page",28880.68,1,Environmental toward story possible or clear dog nothing billion wish world process.,inflated_loss_value,TRUE,0.18
CLM-000349,Robert Acevedo,tonyaholmes@example.net,2984322101,POL-741079,auto,2023-10-26,2025-09-09,Compare able as miss leave here and ahead.,2025-09-11,12445.38,100000,12.45,2,12067.85,3,"Carlson, Parrish and Gillespie",11725.95,8,Resource business natural stand country himself behavior article right today eye floor during want operation sense skill everybody.,NONE,FALSE,0.0
CLM-000350,Krista Taylor,kyle95@example.net,700-630-7620,POL-276042,umbrella,2023-09-11,2026-04-04,Weight open join avoid affect ready job win protect instead.,2026-04-05,5521.92,100000,5.52,1,6012.95,5,Jones Ltd,6079.67,8,Trouble federal beautiful bed subject year different executive space must beyond pass two option significant light.,NONE,FALSE,0.0
CLM-000351,Raymond Wolf,mbarnes@example.com,+1-826-989-9962,POL-361662,umbrella,2025-06-19,2025-09-26,Month music newspaper mind play brother.,2025-09-29,9485.97,50000,18.97,3,8586.17,0,"Cooley, Guerrero and Washington",10587.52,3,Authority air sort investment guy such notice to age organization call wall car thing shake grow support piece officer store.,NONE,FALSE,0.0
CLM-000352,William Tran,juareztina@example.net,(621)375-5851x777,POL-270557,home,2024-10-10,2025-01-23,Major his continue avoid my something population.,2025-02-17,13000,50000,26.0,25,7740.32,2,Ramirez PLC,12850.14,6,Idea case entire class owner local mention avoid apply religious yet this return hand trouble black network race health street.,round_numbers,TRUE,0.08
CLM-000353,Jonathan Smith,davidkane@example.com,6902016356,POL-278368,home,2024-04-01,2024-10-12,Commercial still everything ten yeah me try particularly thought those evidence.,2024-10-15,19081.58,50000,38.16,3,19455.49,4,Davis PLC,22564.93,3,Consumer read response drive carry information hope value under some health loss arrive goal none recently we before.,NONE,FALSE,0.0
CLM-000354,Lisa Anthony,zavaladiane@example.com,(461)505-3709,POL-606186,umbrella,2025-09-02,2025-11-02,Allow audience involve finish address whatever.,2025-11-05,12286.58,100000,12.29,3,11419.11,5,Escobar-Greer,11666.1,6,Theory off fine represent recognize dinner position something miss including.,NONE,FALSE,0.0
CLM-000355,Scott Cooper,joshua71@example.com,001-619-782-7348x1310,POL-299212,home,2023-10-07,2025-10-19,Child simple professional idea range attention.,2025-10-21,2017.56,50000,4.04,2,1949.43,5,Lewis-Keith,2142.72,8,Just model thing drop the character morning if event nation although investment create nature wrong.,NONE,FALSE,0.0
CLM-000356,Tara Gordon,tammy53@example.com,+1-846-728-0550x7740,POL-511987,umbrella,2025-01-23,2026-09-07,People good hair however deal consumer station order must four she.,2026-09-10,6650.61,50000,13.3,3,6996.15,1,Williams Ltd,6094.3,3,Room program outside threat between bar beyond single walk believe worry affect forget far.,NONE,FALSE,0.0
CLM-000357,Amy Park,cynthiasullivan@example.net,(735)241-2012x275,POL-755455,umbrella,2025-02-23,2026-07-29,Citizen individual speech try bad book.,2026-08-02,2664.94,100000,2.66,4,2291.59,0,Roy and Sons,2563.9,8,Whom pressure rather employee plant pay allow executive what manage share region suddenly less nearly.,NONE,FALSE,0.0
CLM-000358,Leslie Diaz,mcintyreelizabeth@example.org,3062493403,POL-221119,home,2024-04-09,2026-07-21,Give visit there into media recognize set ask myself.,2026-07-24,19564.1,50000,39.13,3,17984.11,3,"Austin, Davis and Walker",22859.93,5,They pattern company nation get seek training rather future animal hold almost imagine main wait.,NONE,FALSE,0.0
CLM-000359,Kenneth Hahn,jonespaul@example.com,740.537.8423x3944,POL-489043,home,2023-08-07,2024-09-18,Able make help summer church foreign.,2024-09-19,13195.46,50000,26.39,1,11294.98,0,Martin LLC,12918.21,6,Authority defense here effort together contain black Mr contain.,NONE,FALSE,0.0
CLM-000360,Travis Park,jefferywalker@example.com,510-209-0605,POL-164633,auto,2022-08-15,2024-10-23,New including education add though bring himself know some pattern according to.,2024-10-26,5298.6,50000,10.6,3,5345.98,0,Rosario-Mclean,4904.98,5,Free theory none so myself follow not control commercial say side find house discuss successful industry sound.,NONE,FALSE,0.0
CLM-000361,Michael Ellis,abigail14@example.com,209.420.7115x238,POL-718372,auto,2023-06-01,2025-01-17,Issue whatever between somebody rise color good travel.,2025-01-24,11287.53,100000,11.29,7,9236.53,3,Boyd Group,12930.11,6,Rather not its significant me deep he nearly bank.,NONE,FALSE,0.0
CLM-000362,Paul Vaughn,sjackson@example.org,(888)400-5378x9318,POL-700534,auto,2024-06-14,2025-11-13,Training look common meeting forward think term price yet catch reveal live.,2025-11-18,14054.29,100000,14.05,5,12503.48,3,Brown PLC,16455.23,8,Past Mr personal stuff director production choice edge everyone maintain everything deep capital.,NONE,FALSE,0.0
CLM-000363,Ashley Fisher,barbara30@example.net,(402)403-0423,POL-939333,umbrella,2024-03-17,2026-03-10,Marriage sure camera then during responsibility among since candidate behavior friend.,2026-03-11,10539.93,100000,10.54,1,11539.39,1,Russell Group,9866.27,6,Able worker arm resource organization various key least huge once particularly difference.,NONE,FALSE,0.0
CLM-000364,Marissa Ewing,perrynicole@example.net,001-617-546-9029x8310,POL-322182,auto,2025-10-16,2026-03-24,Start at hit class nothing soon data budget main may happen newspaper.,2026-03-26,19032.17,50000,38.06,2,15469.4,0,Novak-Butler,22771.69,6,Leave send through himself red upon base mention hour gun field expert several effort prevent kid.,NONE,FALSE,0.0
CLM-000365,Melinda Jacobs,jenniferbradley@example.com,8494627322,POL-974625,umbrella,2024-09-30,2025-07-21,Think brother far chair describe in case stock gas pressure receive.,2025-07-23,19948.12,100000,19.95,2,17872.02,5,Nunez-Garcia,23424.12,3,Sure player western move manage worry wear pay science us challenge drive find star be over radio enough.,NONE,FALSE,0.0
CLM-000366,David Anderson,stacey25@example.net,5583333430,POL-441968,home,2023-07-21,2025-02-02,Relationship hand protect matter agreement woman environment.,2025-02-03,8373.88,50000,16.75,1,7850.07,0,Osborne-Myers,9512.44,7,Push material somebody husband Republican result wrong return wall trouble friend current whose job nor yard establish hit rock.,NONE,FALSE,0.0
CLM-000367,Robert Jordan,david25@example.com,(808)409-5948x152,POL-661652,home,2023-09-14,2026-03-30,Skill he high few land both two add thank everybody.,2026-05-07,13000,50000,26.0,38,8987.0,5,Richardson Ltd,14253.67,8,Would enter his value experience young west practice on easy today wait staff feeling first final responsibility argue note detail.,multiple_claims|delayed_reporting,TRUE,0.27
CLM-000368,Tyler Becker,johnsondebbie@example.net,978-352-2115,POL-748276,umbrella,2024-03-29,2026-03-26,Exactly choose guy wide evidence to item town something employee such practice quickly.,2026-03-27,4271.79,50000,8.54,1,4306.38,0,Rodriguez and Sons,4351.83,5,Thank value quality reality in game score challenge toward leg car involve.,NONE,FALSE,0.0
CLM-000369,Cory Smith,rhonda05@example.org,481.405.5800x027,POL-381631,home,2025-12-01,2026-01-20,Finally floor production war build ago.,2026-01-26,5514.01,100000,5.51,6,4970.11,2,Perez-Berry,5476.98,6,Shoulder design huge south really manager clearly along business her generation.,NONE,FALSE,0.0
CLM-000370,Jeanette Knox,burkejacob@example.net,+1-973-552-5953x3222,POL-339030,auto,2025-03-09,2026-02-09,Couple mission part ability hair list really thus story site different dinner interview.,2026-02-16,14227.47,50000,28.45,7,15540.18,3,"Bell, Johnson and Sanders",16108.47,5,Necessary learn memory home marriage where share southern stop.,NONE,FALSE,0.0
CLM-000371,Adrian Martinez,pgarcia@example.net,688.821.7648,POL-193624,auto,2023-10-09,2025-02-02,Customer kind enjoy certain woman who word word center claim Republican admit.,2025-02-05,14847.19,100000,14.85,3,12819.32,3,Webster LLC,16662.76,7,Young get wrong teach not response professor rate team condition when if help.,NONE,FALSE,0.0
CLM-000372,Wendy Clark,mcculloughjohn@example.net,001-273-911-8046x7413,POL-929937,auto,2026-01-25,2026-05-02,Director next figure business no chance thousand author simple company.,2026-05-09,8104.29,50000,16.21,7,7239.86,4,"Brown, Mueller and Beck",8274.61,7,Number result prevent history finish everybody live gun edge authority company phone attack.,NONE,FALSE,0.0
CLM-000373,Debra Jones,mark40@example.net,+1-919-269-3957x87520,POL-973390,auto,2022-06-08,2024-11-11,Adult collection with project author term many.,2024-11-16,1550.02,50000,3.1,5,1266.81,0,Daniel Inc,1607.27,5,Film wait number sell involve water idea mother positive image not.,NONE,FALSE,0.0
CLM-000374,Christopher Henry,zhall@example.net,001-822-776-0759x88978,POL-586768,umbrella,2024-07-17,2025-09-26,Subject very wait rate too recognize final boy begin.,2025-10-02,4783.09,50000,9.57,6,4738.24,0,Murphy-Lopez,5282.22,4,Public size PM consider by animal building attorney success simple main her year none lay TV lose represent.,NONE,FALSE,0.0
CLM-000375,Justin Foster,amy67@example.com,697-797-4163x6560,POL-597635,umbrella,2023-01-24,2024-09-09,Age each fire determine current open.,2024-09-12,10286.95,50000,20.57,3,9308.95,1,Proctor-Cunningham,11843.33,5,Cost less bad third not group notice herself fly anyone he letter account happy body more leg purpose interview doctor.,NONE,FALSE,0.0
CLM-000376,Dylan Warren,cheryl54@example.com,+1-863-545-4434x41491,POL-128783,home,2024-08-17,2024-11-05,Drug relationship tax every late difficult thing theory enough moment put price no.,2024-11-11,16786.53,50000,33.57,6,14249.62,4,Walker PLC,19035.07,4,Matter campaign reveal rich despite offer stage politics think old value between citizen whose young.,NONE,FALSE,0.0
CLM-000377,Antonio Thompson,egill@example.com,585-234-6557x9220,POL-316773,home,2024-04-20,2026-03-18,Few note summer high ask rich.,2026-03-25,5205.67,50000,10.41,7,4804.06,0,Knight Inc,6035.4,8,Today themselves blood single daughter tell four hour green religious hot.,NONE,FALSE,0.0
CLM-000378,Michael Ruiz,petersrussell@example.org,001-693-714-5843,POL-281614,umbrella,2023-01-09,2025-05-08,Hold be development my he those father contain stock citizen provide.,2025-05-09,10007.85,50000,20.02,1,8031.69,2,Johnson and Sons,10833.53,5,Financial fall enter debate blue feeling professional research indeed scientist push price.,NONE,FALSE,0.0
CLM-000379,Alyssa Arnold,jennifer29@example.com,(690)521-7741x7430,POL-544393,home,2023-10-14,2026-04-03,Around direction soldier strong water clear spring participant exactly hospital.,2026-04-09,19373.46,100000,19.37,6,17525.48,2,West LLC,18704.35,5,Current card yes perhaps do carry care husband yard democratic there discover.,NONE,FALSE,0.0
CLM-000380,John Jones,santiagoronald@example.com,(407)662-7995x530,POL-712879,auto,2025-01-10,2025-02-16,Decision back tough travel same news election maintain dog describe.,2025-02-22,10892.12,100000,10.89,6,10385.14,5,"Hardin, Sparks and Williams",12961.03,5,Fast attention win ok scientist yourself side before response whatever product car appear health keep these including story produce.,NONE,FALSE,0.0
CLM-000381,Tina Decker,smay@example.com,946-419-9240x65838,POL-412974,umbrella,2025-05-26,2025-10-13,Pick fund the ask choose out sort once read history serve example.,2025-10-18,13299.5,100000,13.3,5,12561.66,2,Melendez-Hardy,15912.96,8,Water magazine physical later show baby control candidate beat another most.,NONE,FALSE,0.0
CLM-000382,Michael Haas,vaguirre@example.net,4177074039,POL-845635,umbrella,2025-09-15,2026-08-16,Onto people edge great our same today.,2026-08-19,17368.34,50000,34.74,3,14876.12,4,Snyder and Sons,19620.01,3,Center man hold effort detail lawyer clear guess eye certain heart heavy.,NONE,FALSE,0.0
CLM-000383,Leslie Lucas,reginasingh@example.org,001-983-734-4470x488,POL-523727,umbrella,2024-05-09,2025-05-01,Even again coach team pass help.,2025-05-08,17288.99,100000,17.29,7,17362.07,5,"Cohen, Jones and Miranda",15692.12,6,Country radio market perhaps tough however play decide way our first do continue TV listen.,NONE,FALSE,0.0
CLM-000384,Ian Hernandez,zmiller@example.com,+1-412-692-0592,POL-507135,umbrella,2026-02-05,2026-04-12,Author under western shoulder despite charge fish.,2026-04-15,5929.1,50000,11.86,3,5780.32,4,"Haynes, Morales and Graham",6787.66,5,Property speech position common performance father shake conference issue away professional perhaps agree protect fund create rich.,NONE,FALSE,0.0
CLM-000385,Sarah Williams,janetmoore@example.net,322-712-1548,POL-769320,home,2022-07-07,2025-02-19,Child itself individual matter husband throw billion old most energy Mr hope.,2025-02-25,14554.02,100000,14.55,6,15750.37,2,Brady-Hood,15313.66,4,Amount home now maybe usually kind modern each finish.,NONE,FALSE,0.0
CLM-000386,Jasmine Morales,xcurry@example.net,496-823-4219,POL-408054,auto,2023-12-11,2025-05-06,Condition cover admit real animal clear education.,2025-05-13,13494.68,100000,13.49,7,11313.71,2,Flynn Inc,15081.06,7,Run visit true nothing technology tend bed television land stay image participant with everyone.,NONE,FALSE,0.0
CLM-000387,Christopher Hale,mossandrew@example.org,(866)502-0005x32853,POL-451936,umbrella,2025-09-27,2026-01-26,About place force conference each morning dog.,2026-02-02,18339.87,100000,18.34,7,15894.73,1,"Smith, Kelly and Norris",20600.5,5,Successful pattern process north particularly arrive huge recently clearly leader job during dinner such year deal.,NONE,FALSE,0.0
CLM-000388,Janice Clarke,jasonwebb@example.net,385-518-6267,POL-373216,umbrella,2025-07-12,2026-06-08,Need whole board win couple professional social cut difficult participant between.,2026-06-12,15973.72,50000,31.95,4,15001.37,0,"Sweeney, Simon and Walker",16631.21,8,Leave outside task more foot visit save red image time manage believe.,NONE,FALSE,0.0
CLM-000389,Miranda Petersen,adamnolan@example.net,314.731.9279x76178,POL-459315,home,2023-02-05,2024-10-10,Industry table poor must federal produce condition push wrong state character hospital happy.,2024-11-17,17000,50000,34.0,38,9794.28,5,Ferguson-Gallagher,16030.44,3,Thank offer behind food daughter pattern or through class for own provide pick across know fear carry technology against environmental.,short_policy_coverage,TRUE,0.12
CLM-000390,Jennifer Garza,bryan79@example.net,(670)880-8974x7485,POL-285413,home,2023-10-13,2025-08-22,Away meeting sort soon suggest both left eye learn.,2025-08-29,2535.42,50000,5.07,7,2072.46,3,"Cooper, Ross and Perkins",2489.93,4,Blood herself simply move enter firm society coach policy south then force color structure worry clearly cause learn however.,NONE,FALSE,0.0
CLM-000391,Amy Larsen,josephbass@example.com,513.908.8983x05748,POL-900660,auto,2024-10-28,2025-04-08,Street sea black girl worker door change whether small.,2025-04-13,15525.19,50000,31.05,5,15282.13,5,Williams and Sons,15972.67,6,Quickly result service idea or thank others population admit.,NONE,FALSE,0.0
CLM-000392,Edward Grant,margaretirwin@example.net,267-290-8701x8726,POL-309100,umbrella,2025-07-01,2026-08-17,Piece daughter head reach answer even fast.,2026-08-21,8283.01,50000,16.57,4,8987.24,2,Anderson-Larson,9335.4,7,Hotel ever garden instead total husband trouble close vote.,NONE,FALSE,0.0
CLM-000393,Beth Morris,cheryl67@example.org,662-922-1905x33470,POL-869238,auto,2024-09-24,2025-06-12,Lose home must range for others over for benefit.,2025-06-14,1340.41,50000,2.68,2,1351.21,2,Ferguson LLC,1331.87,3,Major bank case four girl big reduce technology other.,NONE,FALSE,0.0
CLM-000394,Carl Lopez,ariascarlos@example.net,001-773-727-7264x88395,POL-168458,auto,2023-10-12,2024-09-11,Foot Congress protect color success cause teacher big break maybe majority past large.,2024-09-15,10563.39,50000,21.13,4,11456.41,3,Rogers Inc,11813.56,7,Surface another final behavior large film likely share police ground center just more sea run born smile leave ground.,NONE,FALSE,0.0
CLM-000395,Laura Gonzalez,melanie93@example.org,537-588-0331x83611,POL-240288,home,2022-09-06,2025-04-16,Truth woman interview also listen movement compare trial attention some lose little.,2025-04-21,7418.87,100000,7.42,5,7026.07,1,Mitchell PLC,7043.96,6,Contain range finish business reality impact story defense force difficult speech six anyone mention tell green rate.,NONE,FALSE,0.0
CLM-000396,James Miller,yramos@example.org,001-669-814-3362,POL-237579,auto,2022-12-05,2025-01-24,Soldier energy town apply onto one ahead already answer other future direction admit town.,2025-01-25,5339.95,100000,5.34,1,4307.06,4,"Fletcher, Martin and Padilla",5076.67,5,Organization professional fact explain practice hope save method might people voice style past leader have color treat he simple.,NONE,FALSE,0.0
CLM-000397,Laura Webster,soniaharmon@example.net,3224179789,POL-771425,home,2023-06-06,2025-09-02,More could part teacher together left unit seek more.,2025-09-08,13360.27,50000,26.72,6,12831.47,0,Schaefer-Cochran,14404.74,3,Some deal many them mission hospital model bar risk point decide me sell support.,NONE,FALSE,0.0
CLM-000398,David Andersen,fflowers@example.com,490-809-9217x79055,POL-150578,umbrella,2024-07-06,2024-12-01,One determine smile become stop finish mean seem senior let see.,2024-12-07,3054.16,100000,3.05,6,2825.2,3,"Flores, Martinez and Foster",2861.99,5,Business drop once action when mouth table world film position firm.,NONE,FALSE,0.0
CLM-000399,Amanda Brown,margaret18@example.net,504-850-2437,POL-819050,umbrella,2024-10-28,2024-12-06,Town usually somebody most day serious.,2024-12-10,14335.5,50000,28.67,4,12763.4,5,Herman Inc,13336.23,7,Real meeting outside nothing decade drop peace region phone name wish with success.,NONE,FALSE,0.0
CLM-000400,Tyler Cole,christophercook@example.com,(839)279-2551x1643,POL-539170,auto,2024-01-14,2025-07-20,Stuff treat likely consider agreement citizen organization.,2025-07-23,12833.16,100000,12.83,3,13033.74,0,"Gray, Smith and Sloan",12638.25,3,Computer bank southern eight stage raise baby throw perhaps recent where follow through friend.,NONE,FALSE,0.0
CLM-000401,Elizabeth Clayton,hestertabitha@example.org,488.902.7304,POL-375769,umbrella,2025-10-15,2026-06-08,Decade care tax their enjoy else establish break sense discover first.,2026-06-12,4774.29,50000,9.55,4,4332.08,3,House PLC,4719.89,3,Offer and manager employee series true team phone reality about community measure shake everything party lawyer.,NONE,FALSE,0.0
CLM-000402,Tyler Rodriguez,mariahwang@example.net,001-372-871-7430x6881,POL-604012,home,2024-06-28,2025-03-25,Simply she along figure decade mean mission assume management.,2025-03-30,10430.74,50000,20.86,5,8353.16,5,"Harrison, Pearson and Howard",9666.18,3,Develop doctor identify set last stop behind response painting performance both week cover stay them wide control campaign.,NONE,FALSE,0.0
CLM-000403,Christopher Williams,carlos23@example.org,+1-905-677-2044x100,POL-194458,umbrella,2024-08-31,2024-12-15,North city he sit style poor arrive.,2024-12-22,11908.9,50000,23.82,7,12112.17,0,Klein-Collins,13950.49,8,Certain everyone weight agreement room newspaper character hope eight value imagine.,NONE,FALSE,0.0
CLM-000404,William Wilkinson,jacobsmith@example.net,+1-832-361-1890x0346,POL-376955,home,2024-11-01,2025-01-21,Democrat little chance human reason college various charge along organization.,2025-01-23,9678.27,100000,9.68,2,8032.41,1,Myers Group,11248.49,5,Audience growth important myself all fund little fine art manager carry.,NONE,FALSE,0.0
CLM-000405,Alexandria Lindsey,christinadavis@example.org,+1-372-821-1386x9087,POL-874415,auto,2026-04-03,2026-08-08,Central build sound effect thank report evidence imagine born many notice natural.,2026-08-11,16230.33,50000,32.46,3,17129.06,0,Wells Inc,14654.39,4,Either each approach within stay service fall skill total contain certain possible address garden Democrat onto sense.,NONE,FALSE,0.0
CLM-000406,Taylor Cross,kevin77@example.org,(390)932-6551x3276,POL-558976,umbrella,2024-02-21,2024-12-21,Stand result agency wife care way still grow music born already black offer.,2024-12-27,13296.77,50000,26.59,6,14141.68,0,Flores PLC,13453.49,5,Two before south music identify serious experience parent movie including look into these wonder purpose camera less yourself traditional matter.,NONE,FALSE,0.0
CLM-000407,Alexander Curry,jnicholson@example.org,001-319-807-4992,POL-578715,home,2022-10-21,2025-03-24,Analysis idea say shake value shoulder wall cut part.,2025-03-26,3162.81,50000,6.33,2,2896.23,3,"Garrett, Bass and Floyd",3605.51,8,Everything especially join last week mean bring off month five it challenge talk.,NONE,FALSE,0.0
CLM-000408,Mrs. Monica Parks PhD,howardmark@example.org,001-330-200-0886x34673,POL-861697,auto,2022-04-20,2025-01-09,Might occur sing yourself building budget.,2025-01-16,4168.8,50000,8.34,7,4391.02,0,Johnson Inc,4272.22,7,Nothing scientist charge dog rate cut lead story pull war officer least respond and across somebody.,NONE,FALSE,0.0
CLM-000409,Sarah Miller,qcastillo@example.com,500.809.9843,POL-290065,umbrella,2024-03-21,2025-05-13,Three rich each knowledge upon model be.,2025-05-17,16243.03,100000,16.24,4,16791.22,4,Bates PLC,14759.15,8,Reason form center of source change adult player source professor attention data several everyone in land.,NONE,FALSE,0.0
CLM-000410,Linda Campbell,michelle67@example.org,001-401-408-2402x818,POL-606545,home,2025-01-16,2025-06-10,Message others short why chance three cell most.,2025-06-17,14818.29,100000,14.82,7,15800.42,3,"Eaton, Crawford and Barker",13540.83,5,Life smile grow wife in civil us general lawyer across beautiful.,NONE,FALSE,0.0
CLM-000411,Kristin Taylor DDS,dunnglenda@example.org,+1-425-559-0461x0079,POL-810859,umbrella,2023-09-13,2025-12-06,Enough impact approach campaign drug century.,2025-12-12,6970.52,100000,6.97,6,7131.45,5,Johnson Ltd,7455.0,8,Customer tough nothing wrong phone attention become ahead toward water resource activity.,NONE,FALSE,0.0
CLM-000412,Frederick Sosa,larry04@example.net,(327)763-4601,POL-834611,umbrella,2025-10-24,2026-02-28,According material sea personal day rule man chance dog.,2026-03-07,7427.71,100000,7.43,7,6906.69,5,"Woodward, Miller and Kidd",7238.85,5,College vote series see call learn well hour would meeting suggest region hold go recognize hundred check candidate worker.,NONE,FALSE,0.0
CLM-000413,Jessica Cuevas,rdixon@example.net,677-912-9035x0061,POL-979789,umbrella,2024-01-09,2026-08-09,Wind by finish even decide approach risk these senior.,2026-08-15,13849.62,50000,27.7,6,15183.86,0,"Hernandez, Rodriguez and Miller",12513.04,4,Such painting seem clear either size admit hundred real song poor because buy provide partner similar national.,NONE,FALSE,0.0
CLM-000414,David Vincent,ohall@example.com,+1-894-888-2188x49680,POL-273438,auto,2022-08-30,2024-11-06,Term adult suggest staff year consider claim there financial.,2024-11-11,17128.07,100000,17.13,5,16228.75,1,"Brady, Miller and Barber",17115.54,5,Tell budget husband financial season month above watch market beyond role the his.,NONE,FALSE,0.0
CLM-000415,Antonio Hale,wheelerandrea@example.net,+1-590-311-4003x471,POL-497030,home,2024-04-17,2026-08-31,Section operation level present increase sit bit piece hold until set vote.,2026-09-01,10631.66,100000,10.63,1,9254.86,3,"Espinoza, Levine and Ewing",10985.23,7,Election ok expect within level model test TV pick baby when future front close budget line coach more.,NONE,FALSE,0.0
CLM-000416,Patrick Ruiz,dgeorge@example.net,371.961.6088,POL-431414,auto,2024-12-12,2026-06-04,Candidate dark other serve plant his loss.,2026-06-08,2672.38,50000,5.34,4,2735.37,0,Nichols Group,2487.43,6,Study American there nice black total consider expert address reveal near six letter wife all.,NONE,FALSE,0.0
CLM-000417,Sean Lee,jasonfoster@example.org,(716)990-6968,POL-195310,umbrella,2023-03-20,2025-01-11,Huge line home kind radio at people brother official.,2025-01-12,11585.49,50000,23.17,1,11484.25,4,Terry-Ayers,12381.41,8,Become area break image fear certain authority lose act culture another.,NONE,FALSE,0.0
CLM-000418,Kelly Scott,julianlewis@example.net,001-519-283-9248x481,POL-965401,auto,2024-03-14,2026-07-28,Feeling blue interesting speak avoid administration.,2026-08-03,9667.95,50000,19.34,6,8380.91,3,Williams Inc,9664.0,7,Treatment help rest shake research writer recognize identify some discuss test pass form finally before about.,NONE,FALSE,0.0
CLM-000419,Philip Barr,jgreen@example.com,996.915.7385x51281,POL-850689,home,2024-04-28,2024-09-21,Southern care or share marriage better gun choice take police.,2024-09-26,9989.54,100000,9.99,5,8283.64,5,"Burnett, Murray and Perez",9655.13,5,Affect fast fall serve successful have exactly significant life already ask big leave article matter business.,NONE,FALSE,0.0
CLM-000420,Matthew Schmidt,timothysharp@example.org,675-343-8027,POL-406166,umbrella,2023-11-30,2025-06-16,Me food learn Congress anyone none forward side hour.,2025-06-19,16767.79,100000,16.77,3,15295.03,0,"Powell, Hernandez and Hayes",15321.29,4,Might feel animal indicate economy act present help deal long attack strong deal full risk whom husband individual catch.,NONE,FALSE,0.0
CLM-000421,Joseph Bowen,alawson@example.net,001-504-688-6932x055,POL-856609,home,2025-07-08,2025-11-24,Get agent modern strong sign listen.,2025-11-28,3668.53,100000,3.67,4,3214.68,1,"Barnes, Miller and Conway",3508.08,6,Table investment either across court prevent focus late say matter think matter fund effort job baby relate agree story money.,NONE,FALSE,0.0
CLM-000422,Daniel Powell,stanleyclark@example.org,001-322-927-1117x576,POL-851606,home,2024-08-07,2024-12-25,Institution arm family pattern myself box environmental.,2024-12-27,9683.87,100000,9.68,2,9946.74,0,"Powell, Tran and Johnson",11407.48,8,Vote structure western account once southern cost together section yet worker some.,NONE,FALSE,0.0
CLM-000423,Stephanie Lopez MD,dpoole@example.com,+1-501-977-0316,POL-579605,umbrella,2022-12-26,2024-09-19,Thousand rate walk fact cup continue.,2024-09-24,3341.16,100000,3.34,5,3631.36,1,White-Rangel,3973.16,3,Officer table television key none site item drop new music when allow huge upon employee choose.,NONE,FALSE,0.0
CLM-000424,Sabrina Pierce,halejeffery@example.net,327.827.2812,POL-553834,umbrella,2023-12-15,2025-05-22,Girl answer window none investment by involve information.,2025-05-27,14988.06,100000,14.99,5,16146.81,1,Brewer-Holloway,16599.96,4,Television need field with open enter see only age reveal media national feeling able security year send.,NONE,FALSE,0.0
CLM-000425,Andrew Smith,cunninghammegan@example.org,+1-202-521-5439x044,POL-789461,umbrella,2024-08-08,2026-05-20,Together give court deal according cold group American.,2026-05-26,16489.64,50000,32.98,6,17558.31,4,Bullock-Trujillo,19200.82,6,Table arrive peace role writer exist someone raise almost talk ok spend speak expect situation.,NONE,FALSE,0.0
CLM-000426,Danielle Golden,melissa62@example.net,(420)280-5983x12441,POL-386886,home,2024-11-22,2025-12-08,Sister seem hotel traditional particularly pass week brother drug market cup.,2025-12-13,18402.29,100000,18.4,5,20079.61,3,Stevens-Chapman,21005.09,4,Civil trade himself other term political not top game worry best car how away.,NONE,FALSE,0.0
CLM-000427,Mr. James Raymond,thomas28@example.net,(446)612-0961x7300,POL-637179,home,2022-09-14,2025-02-23,Themselves establish course relate artist reality team great fish even.,2025-02-27,12447.96,100000,12.45,4,12578.02,2,"Ingram, Garcia and Bowman",13861.58,7,Down subject military kid true leave cause letter wind hear scientist team check behavior.,NONE,FALSE,0.0
CLM-000428,Dawn Yates,isabella81@example.net,(804)587-7067,POL-849086,home,2023-10-10,2025-10-12,Thing serious open worry involve believe their wall.,2025-10-18,5129.51,50000,10.26,6,4634.96,5,Peterson Ltd,4820.72,8,Program whether ever third four me six same most stop must win fly join soldier career small adult meet.,NONE,FALSE,0.0
CLM-000429,Kevin Jackson,sandra55@example.org,001-362-482-2250,POL-988459,home,2023-02-20,2025-06-26,Role professional player collection third feel common in open edge.,2025-08-07,9000,100000,9.0,42,7452.41,2,Lucas Inc,8168.23,3,Society early event explain of order small painting pretty hour story kitchen.,missing_documentation,TRUE,0.1
CLM-000430,Dennis Guerra,maria09@example.com,(532)517-4003x91019,POL-886626,auto,2024-01-28,2024-12-16,Several much concern civil student behavior wear develop system reason.,2024-12-17,13734.83,50000,27.47,1,13803.74,1,Hanna-Huynh,15819.98,8,Left probably fly exactly book rate individual subject listen job candidate.,NONE,FALSE,0.0
CLM-000431,Michelle Gomez,armstrongjeremy@example.org,546.517.6231,POL-133875,home,2022-11-21,2025-04-02,Boy poor society else Republican whole federal voice resource home everybody.,2025-04-09,6607.67,100000,6.61,7,6183.31,4,Wilson-Curry,7667.61,8,Condition like thus model live inside truth all teach decade economy factor perhaps and everyone investment attorney.,NONE,FALSE,0.0
CLM-000432,Jorge Alexander,hufftroy@example.net,001-532-942-0248,POL-678944,auto,2025-03-24,2025-05-06,Entire environment shoulder collection environmental into friend cultural station.,2025-06-11,20000,100000,20.0,36,12149.18,3,"Scott, Hudson and Bright",21723.37,8,Grow fall movie seat her set individual nothing exactly life cup its.,inconsistent_narrative,TRUE,0.14
CLM-000433,Adam Bernard,jeremy55@example.com,001-542-916-4359x9009,POL-844012,umbrella,2024-12-28,2026-02-07,Back public anyone major positive improve behind develop measure trade energy defense.,2026-02-14,5285.42,100000,5.29,7,5425.65,4,Foster Group,5927.78,4,My later prepare task there eight increase level quickly hold.,NONE,FALSE,0.0
CLM-000434,Rhonda Oconnell,richardsonkenneth@example.net,985-989-9002,POL-570616,auto,2023-02-28,2025-02-26,Officer body since final American lawyer subject no.,2025-03-05,14773.38,50000,29.55,7,12148.75,1,Roberts and Sons,16553.92,3,In think almost tonight direction easy environment interesting meeting deep how popular program against identify.,NONE,FALSE,0.0
CLM-000435,Barbara Fitzpatrick,jessicafisher@example.com,001-841-790-8788,POL-377075,auto,2025-07-24,2026-02-03,Maybe forget our step hit seem of daughter.,2026-02-07,1772.05,50000,3.54,4,1728.1,2,"Li, Horton and Steele",1597.85,6,Series would agency such sometimes point summer such PM number catch brother lay energy task institution record back.,NONE,FALSE,0.0
CLM-000436,Jessica Russell,jacobbrown@example.org,(429)907-3992x8919,POL-438302,umbrella,2026-03-12,2026-06-02,No industry follow third daughter sound less.,2026-06-08,18812.39,50000,37.62,6,19416.24,5,Mclaughlin-Weeks,20405.47,8,Institution store particularly commercial onto citizen deal receive movie west doctor this push down force reach policy realize both.,NONE,FALSE,0.0
CLM-000437,Veronica Cole,egeorge@example.net,687-530-5498x24388,POL-475479,auto,2023-02-17,2025-05-29,Recently situation really state away right.,2025-06-01,10320.47,100000,10.32,3,10447.46,4,Perry PLC,9969.46,4,Hit heavy political professional question gas population oil sense.,NONE,FALSE,0.0
CLM-000438,James Rosales,rachelvaldez@example.org,203-570-1709x26407,POL-536135,umbrella,2024-11-29,2026-07-01,Message much military together which assume.,2026-07-06,2295.35,100000,2.3,5,2114.08,2,Morales PLC,2218.13,4,Over increase community thank fast federal money sell air sure leader might.,NONE,FALSE,0.0
CLM-000439,Tiffany White,fwelch@example.org,(280)269-1961x27662,POL-329056,umbrella,2024-06-10,2026-01-04,Card admit person lead player source yes instead pull think exactly despite.,2026-01-10,7305.79,50000,14.61,6,6885.39,4,"James, Curtis and May",8380.52,8,Your quite themselves tonight ball action second specific us central class theory Democrat others one.,NONE,FALSE,0.0
CLM-000440,Daniel Diaz,whiteregina@example.net,760.439.6702x436,POL-352023,umbrella,2024-10-07,2026-07-27,Among great recognize interesting may bad mouth keep happen.,2026-07-28,3179.72,50000,6.36,1,3420.05,1,Frazier-Arellano,3776.46,8,Still evening theory member chair good response later marriage military everybody Republican in yourself whether discuss.,NONE,FALSE,0.0
CLM-000441,John Rowe,ecampbell@example.org,(894)497-2204x298,POL-218881,home,2023-12-20,2024-10-07,Which nor can himself huge whom we notice.,2024-10-10,8246.08,100000,8.25,3,7933.32,2,Thompson-Stafford,7482.59,7,Particular operation threat over start onto say social safe easy fly need local win new less.,NONE,FALSE,0.0
CLM-000442,Jacqueline Norman,turnerjohn@example.net,(508)349-3153,POL-633447,home,2024-03-27,2025-09-06,Yard I ahead to face anyone without.,2025-09-13,15639.39,100000,15.64,7,12717.26,5,"Owens, Ross and Larsen",14978.68,7,What figure present dinner almost expect very audience feel admit.,NONE,FALSE,0.0
CLM-000443,Erica Santana,landerson@example.net,+1-765-464-2240,POL-910883,umbrella,2024-02-23,2025-09-21,Million do story all usually year.,2025-09-22,19016.02,50000,38.03,1,15254.64,0,Franklin-Mcbride,18316.89,8,Wall next per by visit vote still nation win staff power tax I capital above listen hair physical able past.,NONE,FALSE,0.0
CLM-000444,Jessica Cook,whernandez@example.net,001-540-943-4741x2531,POL-976258,auto,2024-11-07,2025-07-05,Firm identify actually many many politics available wrong glass difficult beat offer professional.,2025-07-12,5050.33,100000,5.05,7,4855.01,5,Thomas LLC,5876.52,8,Season on reveal opportunity middle cover least couple rule special system financial suggest expert participant sister management agent seek movement.,NONE,FALSE,0.0
CLM-000445,Emily Jones,holtthomas@example.com,591-470-8517,POL-175623,umbrella,2024-06-02,2026-06-04,Or bad goal cover eight painting available some meeting general name bad.,2026-06-11,9269.52,100000,9.27,7,7843.19,3,"Morton, Morris and Conley",10336.08,3,Even song hotel hand own bring huge position start able expect onto throughout.,NONE,FALSE,0.0
CLM-000446,Emma Collins,traci39@example.net,+1-822-418-0396,POL-364144,umbrella,2026-01-05,2026-04-17,Draw he star never range everything.,2026-04-18,2391.71,50000,4.78,1,2325.91,1,"Manning, Keller and Ferguson",2806.18,6,Charge focus part full wife him reality remember deal.,NONE,FALSE,0.0
CLM-000447,Nathan Anderson,cantucassidy@example.com,240-488-0670x8987,POL-431773,auto,2023-12-04,2025-02-04,Without resource outside past must reveal.,2025-02-08,9571.39,50000,19.14,4,9590.43,4,"Soto, Werner and Glenn",8631.19,8,Begin race treat specific her benefit Mr network night garden.,NONE,FALSE,0.0
CLM-000448,Matthew Rodriguez,djohnson@example.net,+1-622-905-3970x77454,POL-147727,umbrella,2023-11-01,2026-04-17,Tell quickly quickly case policy cultural.,2026-04-22,2201.51,100000,2.2,5,1809.15,4,Christensen-Roberts,2051.46,8,Statement occur role office instead society sound young car imagine.,NONE,FALSE,0.0
CLM-000449,Laura Livingston,jesse02@example.net,(818)240-2578x7036,POL-558936,home,2023-12-31,2025-03-09,Up appear door how draw stop he can most political.,2025-03-12,12524.75,50000,25.05,3,13108.86,0,"Schultz, Adams and Smith",13053.25,7,Onto action describe analysis brother close south down agreement half age energy citizen customer wall serious nothing receive happen.,NONE,FALSE,0.0
CLM-000450,Samantha Costa,williamsjennifer@example.com,4272574544,POL-936223,umbrella,2025-06-30,2026-05-28,Experience news painting really understand different bed newspaper piece building.,2026-05-30,3591.25,50000,7.18,2,3907.42,1,"Larson, Bailey and Bell",3553.24,8,Exist stuff executive form woman church collection some he but pattern appear record.,NONE,FALSE,0.0
CLM-000451,Robert Garcia,tpittman@example.net,(707)704-7266x02351,POL-680412,umbrella,2024-12-21,2025-06-13,Audience western race attack discover rise.,2025-06-19,8089.48,100000,8.09,6,6770.66,0,Henderson Inc,8670.43,6,Institution get key artist can eight avoid early for kind enter report why rule half.,NONE,FALSE,0.0
CLM-000452,Melissa Archer,usilva@example.net,519.818.9866x469,POL-320256,umbrella,2022-09-21,2024-11-18,Home but dog thing require manager physical nice how western.,2024-11-23,11402.98,50000,22.81,5,12213.32,2,Parks-Williams,10987.01,8,Wife year really suggest soon become enter talk south beyond control agent.,NONE,FALSE,0.0
CLM-000453,Daniel Jefferson Jr.,rlewis@example.org,796.544.0282,POL-331512,umbrella,2022-12-28,2025-05-30,Spring various time least pay order cost close.,2025-06-06,10738.5,50000,21.48,7,9405.02,0,Sellers-Howell,10248.9,7,Difference movement full cell carry rather against behind read a interest country.,NONE,FALSE,0.0
CLM-000454,Douglas Taylor,troy19@example.net,929.707.5515x45260,POL-675512,home,2024-04-28,2026-03-19,Nothing participant attorney necessary determine ahead respond hotel expect early pull.,2026-03-26,2033.38,100000,2.03,7,1962.01,2,Ayala Group,2239.78,5,Right character campaign last level data away though media whether western I federal long understand kitchen debate gun draw something friend.,NONE,FALSE,0.0
CLM-000455,Rebecca Taylor,christopher07@example.net,802-474-0675x8267,POL-446922,home,2024-11-15,2025-04-25,Notice able unit store add always religious course meet word.,2025-04-26,4750.93,100000,4.75,1,4757.53,1,"Bradford, Pacheco and Powell",4418.43,7,Watch rock executive language fire magazine only bit understand wonder recognize number machine.,NONE,FALSE,0.0
CLM-000456,Diana Osborn,scottrobin@example.net,(509)495-5049x32664,POL-572536,home,2024-01-11,2025-11-02,Seat wish either herself candidate church nature.,2025-11-03,18102.25,50000,36.2,1,18062.91,5,"Michael, Ferguson and Curtis",19464.46,7,Forget explain usually direction administration record consumer late scientist write.,NONE,FALSE,0.0
CLM-000457,Corey Vargas,sheila42@example.net,(456)478-7188,POL-549112,auto,2026-05-08,2026-06-11,Late poor power around price win face hold.,2026-06-16,7925.38,50000,15.85,5,7085.01,1,Cruz Inc,8826.18,8,Recently eight politics husband level woman outside win why hot send foot.,NONE,FALSE,0.0
CLM-000458,Derrick Hampton,rlee@example.net,209.472.3610,POL-812591,umbrella,2024-07-15,2025-07-19,Base husband account industry green five last media week form program.,2025-07-23,6256.92,50000,12.51,4,6653.39,3,"Arroyo, Morris and Walton",6467.2,5,Thousand goal yard common like ever according hit land minute speak space task fact arm.,NONE,FALSE,0.0
CLM-000459,David Rodriguez,patriciahensley@example.com,589-897-4023,POL-119535,umbrella,2022-12-25,2024-10-31,Your admit simply student star test room laugh when impact animal performance.,2024-12-02,9000,100000,9.0,32,7384.82,5,Moore-Lewis,10176.84,4,Article and really rule music save development work since everyone attorney especially official on item at.,inflated_loss_value|delayed_reporting|suspicious_repair_quotes,TRUE,0.41
CLM-000460,Shawna Calhoun,rtaylor@example.com,(284)613-5694,POL-665892,home,2023-12-29,2025-11-27,Trial less government show seem man write wind add focus.,2025-11-28,11480.29,100000,11.48,1,11854.08,2,"Fowler, Walker and King",11684.06,7,Thousand once physical nature cell work ability response economy.,NONE,FALSE,0.0
CLM-000461,Shannon Solis,gomezalyssa@example.org,984-990-7342x03197,POL-625465,umbrella,2024-08-25,2024-12-25,Mouth least participant western box final message international environment.,2024-12-31,17286.12,50000,34.57,6,15886.56,4,"Mills, Moore and Smith",15612.43,4,Senior can paper skill mind how method visit black inside each short collection through all poor reveal heavy.,NONE,FALSE,0.0
CLM-000462,Joe Roberson,sarah31@example.com,306.362.9315,POL-817395,auto,2023-09-25,2025-12-08,Must change single though statement start none increase nature structure value.,2025-12-15,19316.01,100000,19.32,7,18432.13,3,Young Group,18307.07,7,Detail listen late me often wonder this direction quickly of along.,NONE,FALSE,0.0
CLM-000463,Jessica Holloway,jbrown@example.com,379.254.1767x553,POL-871667,umbrella,2024-11-16,2026-04-25,See leg at on fly owner newspaper few member part Republican.,2026-04-30,13528.85,100000,13.53,5,14634.87,0,Jackson-Serrano,13064.08,6,Measure nearly kitchen day age choose admit look bad down human board.,NONE,FALSE,0.0
CLM-000464,Mary Johnson,joanna88@example.org,(998)286-1820,POL-144887,umbrella,2024-04-04,2024-12-01,Hold set whole already brother lawyer car loss chair never hold.,2024-12-03,2194.36,50000,4.39,2,2096.42,2,"Barry, Walker and Whitehead",2230.41,6,Production support product parent law animal research analysis make least pass television situation ten you course great land.,NONE,FALSE,0.0
CLM-000465,Patrick Cannon,craigmurphy@example.net,5576052187,POL-208239,umbrella,2024-10-01,2026-04-17,Enjoy find word Mr bit baby ask thousand week.,2026-04-18,1758.19,100000,1.76,1,1740.73,2,"Gillespie, Garcia and Hernandez",2022.73,5,Within soldier surface cup movie know food seek standard simply own season old.,NONE,FALSE,0.0
CLM-000466,Lisa Medina,jessebeltran@example.net,856-884-4679x403,POL-785428,home,2024-06-17,2025-07-26,Sport at design care floor despite material product than.,2025-07-31,11342.65,50000,22.69,5,11073.87,0,Aguilar-Jimenez,11966.48,6,Relationship civil travel protect production do meeting which similar decade also north become next two product politics.,NONE,FALSE,0.0
CLM-000467,Christopher Davis,casey54@example.net,896.960.7344,POL-461792,home,2024-05-19,2026-09-07,Home road generation place ground exist bank phone environment.,2026-09-09,10811.06,50000,21.62,2,10212.48,4,"Wilson, Brown and Smith",9751.35,4,Way today baby professor identify necessary population wall through.,NONE,FALSE,0.0
CLM-000468,Elizabeth Hill,dhughes@example.net,001-448-837-7402,POL-774734,home,2024-03-19,2024-11-20,Professor young wife side agreement charge which play wide.,2024-11-24,4146.51,50000,8.29,4,3504.1,1,"Johnson, Barber and Richards",4182.45,8,Bring three indeed laugh but second wrong including weight ability young second.,NONE,FALSE,0.0
CLM-000469,Robert Dorsey,lauramassey@example.org,+1-934-799-8013x76836,POL-950576,home,2024-06-03,2026-07-10,Science behind ten pass force player everybody idea ever agree clearly early teach.,2026-07-17,3248.27,50000,6.5,7,2709.06,5,Ellis Group,3390.04,4,Its film than heavy apply near east seem here at once seek same poor throw.,NONE,FALSE,0.0
CLM-000470,Peter Fowler,yjennings@example.com,449-700-3850,POL-288783,umbrella,2024-09-27,2025-12-16,As reveal decade view why single understand eight near loss.,2026-01-23,15000.0,50000,30.0,38,9617.76,2,Ferguson PLC,17453.29,5,Of feel sense what at understand every rule receive health lot oil cup.,multiple_claims|inflated_loss_value|missing_documentation|delayed_reporting,TRUE,0.55
CLM-000471,Michael Chapman,ulawrence@example.org,920-940-9543,POL-594312,home,2024-11-05,2025-05-28,Interesting message appear more hear appear beyond recent lose during find.,2025-05-29,5115.27,100000,5.12,1,4428.85,3,"Miller, Davis and Brown",5525.78,7,Item movement color billion son magazine nature nature best past if modern institution.,NONE,FALSE,0.0
CLM-000472,Sara Russell,thomasronald@example.net,+1-233-415-4230x60023,POL-635617,home,2024-05-25,2024-12-12,It friend positive wall travel affect for store collection scientist benefit small.,2024-12-19,15582.31,100000,15.58,7,15851.2,2,Powell Group,18335.79,7,Billion away floor open center believe teacher interesting economic.,NONE,FALSE,0.0
CLM-000473,Betty Farrell,benjamin53@example.net,(222)305-6201,POL-238635,auto,2026-04-06,2026-05-22,Serve eight fill difference big direction company.,2026-05-27,2308.02,50000,4.62,5,1986.52,4,Holmes Inc,2551.08,4,Citizen run effect strategy in exist call fight may fear sound participant into.,NONE,FALSE,0.0
CLM-000474,Jose Jordan,gordon09@example.com,467.973.4985,POL-744610,umbrella,2024-07-05,2024-09-12,Green strong begin read young word identify sport.,2024-09-17,2829.67,50000,5.66,5,3008.86,4,"Boone, Adams and Gallagher",2973.98,3,Whether have east policy art trouble indicate black list yeah despite identify ok he eye kid.,NONE,FALSE,0.0
CLM-000475,Phillip Hamilton,elizabeth53@example.net,001-562-898-5324,POL-732789,umbrella,2024-04-10,2026-09-04,Type character billion little church leader population value week seat natural different.,2026-09-05,10162.58,50000,20.33,1,8133.72,5,Lewis-Hopkins,11125.68,7,Nature matter investment protect ago size hotel Mrs fast like police pattern sell serve skin baby.,NONE,FALSE,0.0
CLM-000476,Megan Porter,longkimberly@example.net,471.803.0737,POL-655552,home,2024-02-28,2024-11-18,Likely coach store about believe movie.,2024-11-22,8037.17,50000,16.07,4,8692.41,3,Olsen-Haley,9137.19,6,New cause rule off brother without without huge cultural.,NONE,FALSE,0.0
CLM-000477,Jessica White,mary92@example.com,001-645-263-3917x299,POL-898531,umbrella,2024-07-13,2026-03-24,House of measure professor year body politics reflect.,2026-03-27,12191.91,100000,12.19,3,10110.93,1,Higgins-Bradley,11903.64,4,Per later public in threat difference forget outside allow what.,NONE,FALSE,0.0
CLM-000478,Raymond Johnson,pparsons@example.net,+1-849-901-3334x437,POL-670143,home,2024-02-07,2024-11-26,Whatever event some example stay nation reality become.,2024-12-03,2592.53,100000,2.59,7,2221.04,5,Friedman Group,2911.65,3,Over also yes training before hundred wish official report production bar agent summer prevent two throw although morning.,NONE,FALSE,0.0
CLM-000479,Jason Wilson,adkinscharles@example.net,+1-603-442-1348x548,POL-493247,umbrella,2025-09-11,2026-05-09,Decide culture international receive not provide.,2026-05-14,10928.27,100000,10.93,5,10997.45,2,Hood-Hebert,11175.83,3,Day myself arrive food lose talk this so break theory.,NONE,FALSE,0.0
CLM-000480,Michael Howe,davieskevin@example.com,+1-402-988-1411x28745,POL-373995,umbrella,2024-12-27,2026-04-04,Significant parent wide live member make.,2026-04-06,9095.36,100000,9.1,2,8817.05,4,Dalton-Lopez,8937.72,8,Draw small bag truth material pass book worry business officer.,NONE,FALSE,0.0
CLM-000481,Christian Bailey,jonesjohn@example.com,850.669.6261,POL-921861,umbrella,2023-10-30,2025-04-06,Front your compare pretty science throw ability plan executive result.,2025-04-10,15344.47,50000,30.69,4,13098.28,4,Villa Group,16364.47,5,Myself relate every moment travel international page media word our wonder air black wrong red future later voice true decade.,NONE,FALSE,0.0
CLM-000482,Stacey Christian,shaneramsey@example.com,(866)225-6504,POL-517469,umbrella,2024-12-13,2025-06-02,Against amount family your TV born development would her possible which technology.,2025-06-05,11975.37,100000,11.98,3,12651.97,5,Williams-Graves,11205.66,4,Sing bill above why wonder in must arrive evening will service magazine movie account imagine court result.,NONE,FALSE,0.0
CLM-000483,Mary Taylor,andreawhite@example.net,(540)784-7528,POL-205149,auto,2023-06-05,2024-12-06,Opportunity father ability begin risk never laugh sort direction three big break east.,2024-12-10,15879.08,100000,15.88,4,14611.43,2,"Johnson, Farrell and Schroeder",18106.22,7,Five sister kitchen certainly she most capital stay social join brother record.,NONE,FALSE,0.0
CLM-000484,Kristie Williams,bwarren@example.org,+1-501-604-1945,POL-508004,umbrella,2025-12-04,2026-01-08,Party the call several set believe.,2026-01-14,14006.72,50000,28.01,6,14585.35,1,"Baker, Harrison and Ortiz",14588.01,7,Explain this can already be member new particular against develop general wonder nice report agent yet let.,NONE,FALSE,0.0
CLM-000485,Charles Walker,pking@example.net,(699)205-5855x7599,POL-488848,auto,2024-01-27,2025-11-10,Service cost thus a industry who note any fear throw mind song.,2025-11-14,2674.67,50000,5.35,4,2170.03,3,Smith-Jones,3153.99,6,Home inside drive laugh event know amount human century.,NONE,FALSE,0.0
CLM-000486,Jennifer Castro,briana80@example.org,(830)684-3769x929,POL-726495,auto,2022-10-14,2025-07-08,Feeling similar material travel follow theory across example contain.,2025-07-13,13467.33,50000,26.93,5,13899.4,1,"Taylor, King and Lewis",14707.5,6,Above all bag remember film result garden walk huge blue movement firm example what up his street none.,NONE,FALSE,0.0
CLM-000487,Christopher Chavez,wendylewis@example.net,(795)494-5231,POL-942960,umbrella,2024-07-25,2025-06-12,Hit animal after stock painting hot toward real outside kind between far.,2025-06-13,4832.44,100000,4.83,1,4148.28,4,Burke and Sons,5089.35,8,Few imagine must shoulder toward grow drive compare image.,NONE,FALSE,0.0
CLM-000488,William Smith,valerieweiss@example.org,713.292.8048,POL-477214,auto,2023-12-25,2025-11-24,Character individual provide any office poor deep people.,2025-11-26,12688.61,100000,12.69,2,10151.98,1,Munoz-Miller,11750.32,5,Able position contain ok game between certainly success heavy responsibility.,NONE,FALSE,0.0
CLM-000489,Jose Richardson DVM,aaron79@example.net,(830)945-3231,POL-525146,umbrella,2024-08-10,2025-04-02,Trouble move away former face safe study know site brother fast.,2025-04-09,8589.24,100000,8.59,7,8205.5,5,Gonzalez-Mendez,9543.39,3,Turn prove wind into inside into around computer likely to.,NONE,FALSE,0.0
CLM-000490,Richard Moore,underwooddeborah@example.com,+1-306-319-0223,POL-711248,home,2024-06-21,2025-07-11,Long natural until agency pick local into friend career cup main.,2025-07-16,6405.38,100000,6.41,5,6975.37,2,"Kelly, Moore and Melton",6199.69,4,Stand might expect mention increase treatment base experience charge find again ahead second law from traditional.,NONE,FALSE,0.0
CLM-000491,Susan Hernandez,jacquelinejones@example.org,665-398-6693x278,POL-373791,auto,2024-08-10,2025-10-30,Probably cut raise include now think future decision model among better ever.,2025-11-03,18664.56,100000,18.66,4,17766.26,4,Olsen LLC,17203.42,5,Red hotel contain knowledge soldier detail thought as certain consumer evidence wall.,NONE,FALSE,0.0
CLM-000492,Danielle Clements,emily56@example.net,664.787.8496x2249,POL-370211,umbrella,2022-10-09,2025-02-17,Against image catch accept including can nothing.,2025-02-20,18993.29,100000,18.99,3,19715.35,2,Reyes-Mcfarland,21049.46,6,Central public term she seek then represent conference war science reduce.,NONE,FALSE,0.0
CLM-000493,Cindy Cohen,michelle12@example.net,946-950-2234,POL-456160,home,2023-12-05,2025-12-01,Worker ready take property recognize expert general manage note teach carry break mind.,2025-12-06,10188.97,50000,20.38,5,9559.46,4,"Rios, Stevens and Harris",11805.01,6,Morning behavior laugh quite water world century drug know room choose argue note reflect first response house hundred role activity.,NONE,FALSE,0.0
CLM-000494,Megan Allison,hgonzalez@example.org,(820)608-4842,POL-926965,auto,2023-02-08,2025-01-31,Data year defense support put herself water meeting voice reality painting material.,2025-02-01,5898.58,50000,11.8,1,5959.65,2,"Little, Terry and James",6038.54,5,Policy education true three theory outside agency world true evidence resource appear term certainly perform.,NONE,FALSE,0.0
CLM-000495,Justin Lewis,summerstanya@example.org,215-246-1758,POL-376142,auto,2025-05-01,2026-03-21,Weight safe officer serious same experience point article.,2026-03-26,11177.39,100000,11.18,5,9253.79,5,Nelson Inc,12570.5,5,If throw future reach street course plant billion middle describe financial floor media culture person.,NONE,FALSE,0.0
CLM-000496,Kelli Stewart,seth77@example.net,501-990-2716x988,POL-429119,home,2024-01-08,2024-09-17,Job blood middle home wonder military institution.,2024-09-18,11536.48,50000,23.07,1,12324.36,2,Carroll Group,11015.44,8,Just often require dark current including live among fly agreement wide movie heart eight poor attack.,NONE,FALSE,0.0
CLM-000497,Michael Gardner,michaelallen@example.org,001-398-924-2662,POL-872918,auto,2024-08-24,2025-05-21,Friend analysis race much environment interesting nature painting debate spring simply according.,2025-05-27,18674.85,50000,37.35,6,19060.09,2,"Peterson, Moore and Petersen",17965.83,4,Look his or specific develop first point specific report clearly call military.,NONE,FALSE,0.0
CLM-000498,Walter Smith,ameyers@example.net,001-972-907-3827,POL-263573,auto,2026-02-28,2026-07-30,Turn wear break these may cell campaign run present TV cup.,2026-08-06,5744.21,100000,5.74,7,6181.09,5,"Brown, Ramos and Miller",6816.85,6,Answer center tax cell far face describe question appear school.,NONE,FALSE,0.0
CLM-000499,Mary Duke,toddmary@example.net,(819)697-1659x65667,POL-144316,home,2024-07-14,2025-08-28,Parent rich help take crime single.,2025-09-02,1125.85,100000,1.13,5,1110.31,3,Smith Ltd,1316.61,7,Charge view style war worry here Republican cultural learn customer reason camera because away election.,NONE,FALSE,0.0
CLM-000500,Judy Cox,timothy36@example.org,001-815-279-1150x10162,POL-901387,umbrella,2025-10-17,2026-08-29,Mean care give occur decade energy.,2026-09-05,6219.93,50000,12.44,7,5718.38,4,Browning-Harper,5837.24,7,Truth data five medical research group thus outside blue now line before edge drug to measure including plant table.,NONE,FALSE,0.0
CLM-000501,Christopher Mcdowell,dunlapstephanie@example.net,(766)652-8246,POL-134144,umbrella,2024-12-29,2026-01-18,Top write marriage campaign able specific ready same price again hospital anyone fight.,2026-01-25,9040.34,100000,9.04,7,8300.07,5,"Bennett, Smith and Miller",10240.64,6,Nice full decade century theory husband prepare role these.,NONE,FALSE,0.0
CLM-000502,David Roach,patrickmarquez@example.org,5103009089,POL-822689,auto,2025-12-19,2026-01-30,Kitchen box about wait table mother and money word discover recognize everything friend.,2026-01-31,14266.65,50000,28.53,1,14298.48,3,"Avila, Weber and Williams",15326.7,5,Any energy determine kitchen interesting drug individual color trouble agent small bank world.,NONE,FALSE,0.0
CLM-000503,Austin Farrell,kimberly47@example.org,(931)510-5833x096,POL-675210,home,2025-04-17,2026-01-14,Language mean without behind once by final project paper listen impact tell positive.,2026-01-17,12642.78,50000,25.29,3,11136.04,4,"Garcia, Burnett and Simmons",12679.81,4,Meeting long thank by most special describe unit it moment.,NONE,FALSE,0.0
CLM-000504,Brandon Pena,stevemorales@example.net,(526)966-7880,POL-888734,home,2024-11-30,2026-01-07,Beat house stage college nearly political put research whose a fact.,2026-01-11,9054.91,50000,18.11,4,9564.68,2,"Allen, Stewart and Nichols",9373.81,7,Food performance lose charge follow owner many fast near could news.,NONE,FALSE,0.0
CLM-000505,Emily Glass,david71@example.com,978-393-9129x56518,POL-953740,auto,2024-07-04,2026-08-11,Success final investment argue prepare similar above.,2026-08-13,19606.18,100000,19.61,2,17272.75,1,"White, Nelson and Padilla",20911.99,6,Mission language structure man police yeah phone politics similar operation adult big.,NONE,FALSE,0.0
CLM-000506,Adam Schneider,chouston@example.com,829-506-9522x233,POL-256812,home,2024-02-08,2026-06-12,Plant administration collection among site material crime.,2026-06-14,3771.03,100000,3.77,2,3027.85,3,Burnett and Sons,3959.13,8,Prepare interest employee source later dream war same explain agent speak manager site begin politics everyone.,NONE,FALSE,0.0
CLM-000507,Linda Valenzuela,uscott@example.com,+1-773-354-4534,POL-610258,home,2024-09-08,2025-06-21,Herself investment near movie state government them cup section.,2025-06-26,11145.67,50000,22.29,5,10796.16,4,Hunter-Buchanan,10190.63,3,Scientist director vote good natural investment civil indicate manager its hot feel finish child team specific list modern above.,NONE,FALSE,0.0
CLM-000508,Dana Mejia,nwise@example.net,744.236.9580,POL-366642,home,2023-04-10,2025-09-15,Five arrive yes all company especially less run account.,2025-09-21,4103.5,50000,8.21,6,4058.19,3,Gonzalez-Jackson,4609.78,5,Serve note recent land trip majority center will fire play two project wide above no agreement instead friend year body.,NONE,FALSE,0.0
CLM-000509,Michael Smith,andrew28@example.org,735-531-2794x3379,POL-949363,home,2023-09-21,2024-10-07,Something right beyond central prevent office ever.,2024-10-10,7845.83,100000,7.85,3,6323.35,0,Morales and Sons,7887.63,8,Stage chance its put town south gas reality model many more network quality give garden bag place.,NONE,FALSE,0.0
CLM-000510,Larry Stout,richardsmario@example.org,345.855.3706x2728,POL-780663,umbrella,2024-12-25,2025-07-21,Customer kind history young cell beautiful fish little white rest several.,2025-07-26,4780.2,100000,4.78,5,5228.64,2,"Jackson, Coleman and Andrade",4811.43,8,Send agreement election budget wish pretty hot add perform arrive number base.,NONE,FALSE,0.0
CLM-000511,Richard Young,stephanie67@example.org,450-559-9822x6731,POL-182216,home,2024-07-21,2026-05-10,Sit still most new whatever final general very price.,2026-05-15,10262.38,100000,10.26,5,9092.03,5,"Hernandez, Thomas and Franklin",12181.22,4,Husband hand teacher certain compare reveal blood effort likely short kid level paper.,NONE,FALSE,0.0
CLM-000512,Eileen Johnson,courtney31@example.net,001-934-936-9531x029,POL-761938,umbrella,2023-02-18,2024-10-25,Question blue administration chair once we very.,2024-10-31,16346.63,50000,32.69,6,15062.3,0,"Martinez, Berger and Choi",15099.93,5,Travel degree class born interview rate bar approach me direction.,NONE,FALSE,0.0
CLM-000513,Kevin Sanchez,buchananscott@example.net,967.610.5298x770,POL-844943,home,2024-02-25,2025-12-05,Sure scientist subject ball tell argue ever anything speak concern.,2025-12-07,6956.16,100000,6.96,2,6910.2,2,Parsons Group,8113.02,5,During manager party thought seat finally get area organization me laugh however down single evening painting responsibility day.,NONE,FALSE,0.0
CLM-000514,Meghan Evans,herrerajennifer@example.org,(388)510-1382x72105,POL-534098,auto,2024-11-28,2025-07-04,Exactly art nation civil able dog price college someone.,2025-07-10,12151.48,100000,12.15,6,12835.17,1,Johnson PLC,13589.39,8,Rate baby sell hit business sister in indeed across Mr quality quite.,NONE,FALSE,0.0
CLM-000515,Wanda Rodgers,owenswilliam@example.net,276-972-0005x2141,POL-183953,auto,2025-06-10,2025-12-27,Lead its especially half some some.,2025-12-30,18868.31,100000,18.87,3,17342.12,0,"Patel, Obrien and Garcia",17342.58,6,Learn more ball body sit send performance sometimes fight employee guy painting center.,NONE,FALSE,0.0
CLM-000516,Rodney Greene,fpatterson@example.org,371.488.6263x956,POL-649435,auto,2025-02-09,2025-06-25,Share high simply name vote head manager learn crime suffer modern.,2025-06-30,2022.68,100000,2.02,5,1777.4,1,"Mitchell, Haney and Martin",1871.57,6,Design pretty response western project which few skin though compare interest.,NONE,FALSE,0.0
CLM-000517,Trevor Rodriguez,gbutler@example.net,521-852-4831x9686,POL-666843,home,2024-07-11,2026-02-22,Look success home help with hold member low against.,2026-03-14,25000.0,50000,50.0,20,17042.66,3,Arnold-Chan,26931.23,8,Able everything detail raise turn direction rock real bad general wish section certain.,round_numbers,TRUE,0.08
CLM-000518,Linda Stanley MD,reyescarmen@example.com,904-406-2911,POL-556106,umbrella,2024-09-22,2026-08-08,Message exactly buy court beautiful box recent.,2026-08-14,15229.32,100000,15.23,6,15105.33,2,Pearson-Charles,17859.07,6,Free large party so road prevent strategy local expect pass person arm claim than blood buy evidence table.,NONE,FALSE,0.0
CLM-000519,Heather Rojas DDS,cooleypatricia@example.org,(717)735-6316x31297,POL-422823,home,2025-01-12,2026-04-09,Stand seat send billion others participant design trial medical become stuff.,2026-04-14,5315.44,50000,10.63,5,4666.65,2,Fox Ltd,4800.73,7,Possible thought apply most way recently box debate statement matter international management country raise commercial home sort reality instead building.,NONE,FALSE,0.0
CLM-000520,Louis Rose,beth04@example.net,+1-503-772-9545x858,POL-400692,home,2024-10-14,2026-05-14,Tough star doctor our only serve buy loss everything run page.,2026-05-21,15407.58,50000,30.82,7,12364.51,3,Thomas LLC,18243.92,6,Black speak attorney outside science follow thing at school wonder we effect management inside conference.,NONE,FALSE,0.0
CLM-000521,Wendy Mann,hshepherd@example.net,+1-563-699-4541,POL-407151,umbrella,2025-10-31,2026-07-24,Do finish design apply drug thus song our miss say.,2026-07-27,1173.52,50000,2.35,3,1219.32,4,"Williams, Matthews and Dominguez",1187.71,6,Gun small Mrs career everyone role none see painting compare blue low simply could.,NONE,FALSE,0.0
CLM-000522,Anna Morales,jonesjamie@example.net,636.470.7217x3402,POL-849666,umbrella,2024-02-06,2025-12-28,Position same war behind pattern they style director.,2026-01-02,9305.02,50000,18.61,5,8531.93,3,Jenkins and Sons,8990.3,3,Safe its final add through between so face collection set need table.,NONE,FALSE,0.0
CLM-000523,Mrs. Melissa Sanchez,adrian94@example.com,(351)618-6156x40994,POL-938817,umbrella,2022-08-28,2024-12-31,Goal per per assume court although find player feel foot behavior plant.,2025-01-04,12881.14,100000,12.88,4,12986.47,2,Romero and Sons,12693.11,8,Team property start audience poor five floor environment see order compare plant company lose represent item.,NONE,FALSE,0.0
CLM-000524,Ms. Patricia Hudson MD,qdavis@example.org,683-490-9342,POL-994940,auto,2025-06-05,2026-01-07,Able interesting concern seat establish course south purpose much.,2026-01-12,16367.36,50000,32.73,5,13764.74,0,Farley LLC,17857.9,7,Line bill whatever money job partner rule meet simply gun explain expect.,NONE,FALSE,0.0
CLM-000525,Tony Duffy,matthew74@example.org,809-852-8895x94703,POL-296911,home,2026-01-04,2026-02-22,Force follow benefit technology if and leader sort mission.,2026-02-26,6170.55,100000,6.17,4,5218.09,4,Johnson PLC,5594.46,3,Future carry meet lay various worry science particular I help while involve open particularly election administration red leader table politics.,NONE,FALSE,0.0
CLM-000526,Jessica Williams,christine11@example.org,001-738-347-1567x56650,POL-862427,auto,2025-09-13,2026-06-08,Road institution after benefit man fall none rich Congress exist debate whole.,2026-06-11,6114.71,100000,6.11,3,5057.23,0,"Clay, Lucero and Johnston",6408.67,5,Affect with unit food training population sit impact religious social director gas animal station see.,NONE,FALSE,0.0
CLM-000527,Justin Jones,rachelsolis@example.org,302-850-3857x6264,POL-489438,home,2023-03-09,2025-03-21,Military explain each security teacher test provide cultural mention.,2025-03-25,6919.96,100000,6.92,4,7178.96,2,Smith Inc,6394.51,4,Show sure center near help four whom particular decade.,NONE,FALSE,0.0
CLM-000528,Kathy Wood,hstevens@example.com,001-670-536-5620x36344,POL-669578,home,2025-08-14,2026-03-17,Organization idea sit help school each bit author white cultural he quickly become research.,2026-03-18,6063.57,50000,12.13,1,5200.47,2,"Barrera, West and Robinson",6943.85,3,Though feeling term leave though community including career each hotel Mrs.,NONE,FALSE,0.0
CLM-000529,Stephanie Spencer,qcervantes@example.com,001-959-644-3485x29537,POL-503489,home,2025-04-23,2026-01-31,While six live letter newspaper example.,2026-02-01,19517.37,100000,19.52,1,19932.81,0,Wiggins-Johnson,18731.87,8,Instead great final knowledge current because first likely debate since arrive open small poor another surface school someone.,NONE,FALSE,0.0
CLM-000530,Jonathan Allen,jennifer53@example.net,965-235-2326x60004,POL-318572,home,2024-04-06,2025-06-08,Say audience save spring once send gun instead bad ready our nothing save.,2025-06-15,2785.25,100000,2.79,7,2797.6,2,Chaney-Miller,3289.0,4,Raise five Democrat which skin everybody interview find fill large.,NONE,FALSE,0.0
CLM-000531,Pamela Ortiz,rcaldwell@example.net,896.766.8290x525,POL-676276,umbrella,2026-02-10,2026-07-15,Only admit politics attack responsibility reduce reality about Congress region many traditional talk.,2026-07-21,14836.5,100000,14.84,6,12996.68,5,Ramirez-Olson,14682.85,5,Perhaps institution trip attack area attack then mother heavy final film test degree.,NONE,FALSE,0.0
CLM-000532,Jesse Yang,gary74@example.com,(403)559-4410,POL-218414,auto,2024-01-06,2025-11-14,Lose difficult ground bank trouble radio senior image financial term market few.,2025-11-15,17409.5,50000,34.82,1,16195.16,0,Davis and Sons,16542.65,5,Baby purpose across green hear environment war industry five spring glass week very simply half.,NONE,FALSE,0.0
CLM-000533,Joshua Murphy,lambalexandra@example.net,+1-512-586-5581x67592,POL-109363,auto,2023-04-25,2025-01-09,Onto find several occur natural respond American.,2025-01-14,3273.34,100000,3.27,5,3388.05,3,Haney PLC,3622.02,4,Standard term country camera parent staff find church ready then.,NONE,FALSE,0.0
CLM-000534,Dana Hines,pittmanjill@example.org,(318)652-7341,POL-624203,auto,2023-11-01,2025-11-02,Because economic forward political gun support weight fly although arrive film.,2025-11-05,15645.14,50000,31.29,3,15419.75,5,Cole PLC,14362.48,5,Public between answer yourself science guess near professional fine lead.,NONE,FALSE,0.0
CLM-000535,Cynthia Mcbride,vanessa41@example.net,001-829-691-2699x4520,POL-212608,auto,2024-09-21,2026-03-04,Various true sound age will truth security.,2026-03-10,3924.45,100000,3.92,6,3413.5,4,"James, Gilbert and Smith",4460.41,5,Player civil economic son but movie individual me call reach plan material until I practice herself peace single west.,NONE,FALSE,0.0
CLM-000536,Devin Berry,reesealex@example.net,525.472.2870,POL-122390,umbrella,2023-08-12,2024-10-01,Air whether produce tree environment fund management.,2024-10-08,17944.12,100000,17.94,7,16283.4,1,King and Sons,17499.27,3,Leg business particular because free too specific former yet this sort age upon trial way human south analysis need.,NONE,FALSE,0.0
CLM-000537,Catherine Smith,melanie74@example.com,(895)609-0418x9856,POL-669097,umbrella,2023-08-01,2025-01-13,Along too forget subject issue care method man.,2025-01-17,14425.89,100000,14.43,4,12362.02,1,"Mcintosh, Ramos and Beard",15335.96,5,International work with perhaps down deal probably appear positive those catch option those yeah son.,NONE,FALSE,0.0
CLM-000538,Alexa Ramirez,elizabeth71@example.net,+1-503-480-3514x895,POL-727761,umbrella,2025-11-23,2026-06-05,Face available represent business least nor answer gun film campaign dream grow behavior.,2026-06-11,9899.5,100000,9.9,6,8124.15,1,"Ortiz, Lewis and Brown",10244.15,5,Former determine price hour account news ten service identify phone security including son here produce or coach similar vote.,NONE,FALSE,0.0
CLM-000539,Stephen Fox,jennifersantana@example.org,832.935.3068x85684,POL-769018,umbrella,2024-08-12,2025-10-04,Police maybe particularly human food necessary look especially exactly for offer.,2025-10-09,7975.14,50000,15.95,5,8135.42,0,Thomas-Hall,8660.37,5,Ball local today raise remember outside city me performance ever remain whole.,NONE,FALSE,0.0
CLM-000540,Michele Carter,ksutton@example.com,851.719.9764x534,POL-166418,umbrella,2023-04-10,2024-11-11,Author group political financial born idea morning interview very account.,2024-11-18,12783.75,50000,25.57,7,13368.16,1,Knight and Sons,13515.25,6,Say stand article book six student beat say offer present choice two certain modern service.,NONE,FALSE,0.0
CLM-000541,Raymond Greene,jjames@example.org,001-284-560-1804,POL-438270,home,2024-05-24,2026-04-10,Travel network author take that just drop some.,2026-04-17,11477.89,100000,11.48,7,10291.16,0,"Ross, Hatfield and Tucker",12131.67,3,For evening thing generation one throughout American three machine environment security wrong plan case carry.,NONE,FALSE,0.0
CLM-000542,Jennifer Horton,claire11@example.net,001-728-756-7285x021,POL-132792,auto,2025-07-26,2025-12-12,News team purpose law themselves near become city.,2025-12-13,16868.67,50000,33.74,1,15951.2,0,Butler and Sons,15342.82,8,He local mention eye house knowledge participant strategy story store bank sit none now beyond measure lay hear attention occur.,NONE,FALSE,0.0
CLM-000543,Ricky Munoz,matthewchambers@example.com,998-828-3859x747,POL-754280,umbrella,2024-04-30,2026-01-24,Here five today loss gun field partner possible remain police.,2026-01-31,8383.38,50000,16.77,7,7350.39,2,Walker-Cannon,8100.16,8,Likely manage from improve nor week rise stop enter partner today main water really fear both decision order level.,NONE,FALSE,0.0
CLM-000544,Ashley Herring,steven34@example.net,731-848-7225x578,POL-787603,home,2023-12-30,2026-09-05,Billion garden possible rule maintain believe move then hear.,2026-09-06,1248.64,100000,1.25,1,1332.21,0,Harvey LLC,1299.11,8,Down certain happen health need street purpose old whose general section.,NONE,FALSE,0.0
CLM-000545,Timothy Davis MD,moorerachael@example.net,001-341-636-2334x70407,POL-536158,home,2022-12-26,2025-04-17,Southern young know respond effort without prove major speak star early.,2025-04-18,7857.59,100000,7.86,1,7956.05,4,Martinez-Bailey,7698.43,3,Occur yes million describe voice health short also left course station beyond back girl question.,NONE,FALSE,0.0
CLM-000546,Brian Brady,ystevens@example.net,890-478-6928x551,POL-326387,umbrella,2025-08-27,2026-01-03,See half special door near social one.,2026-01-09,2337.37,50000,4.67,6,1940.88,1,Morales-Wright,2476.44,4,So main drive these somebody reflect organization animal around campaign move Democrat.,NONE,FALSE,0.0
CLM-000547,Crystal Reed,mullinscheryl@example.org,830-597-4274x936,POL-755700,auto,2024-08-08,2026-04-01,Look sign nothing kid star artist reason minute against region.,2026-04-03,10997.65,50000,22.0,2,11269.93,3,"Smith, Williams and Bryant",12359.52,8,Source similar join half sport hope agent company sure consider yard indeed to.,NONE,FALSE,0.0
CLM-000548,Deborah Osborne,thomaswilliam@example.net,(469)811-2232x1425,POL-797557,home,2023-01-28,2025-08-19,Type one smile national south chair four.,2025-08-24,7801.3,50000,15.6,5,6484.68,1,"Grimes, Long and Chang",8308.3,7,Later enough pick help head Democrat hear standard exactly under body best significant mother sure.,NONE,FALSE,0.0
CLM-000549,Daniel Morse,williamsmith@example.com,(803)688-1937,POL-729057,home,2023-10-21,2026-07-02,Mr today technology voice employee provide coach.,2026-07-05,13493.11,100000,13.49,3,12220.67,2,Green PLC,14370.49,5,Cup food window tonight born kitchen must treat activity ability loss sing turn.,NONE,FALSE,0.0
CLM-000550,Dr. Adam Fisher,igraham@example.org,001-976-429-5076x71621,POL-551504,umbrella,2024-08-21,2025-08-17,Example model might night prevent bill.,2025-08-24,8062.67,100000,8.06,7,7921.77,4,Cervantes-Walker,8576.16,6,Though provide hit father foreign hundred pass level body party husband follow town.,NONE,FALSE,0.0
CLM-000551,Alicia Mueller,laura90@example.net,001-370-734-2519x7018,POL-477496,home,2024-11-10,2026-03-13,Off could year central hospital west left compare whether two attack eat top.,2026-03-20,11454.54,100000,11.45,7,12461.94,0,"Taylor, Baxter and Cisneros",12804.96,5,Somebody cell both number upon agent remain lay society method center successful owner current year nation.,NONE,FALSE,0.0
CLM-000552,Cheryl Combs,smithmichael@example.org,617-245-4693x51021,POL-416503,auto,2025-04-12,2026-03-15,Character myself country number happen week on.,2026-03-20,1309.75,50000,2.62,5,1434.59,1,Knight-Smith,1515.01,3,Fund serve owner beyond upon bank magazine agree allow improve later arm of.,NONE,FALSE,0.0
CLM-000553,Timothy Reyes,christopher64@example.net,689.353.3768,POL-389362,umbrella,2023-04-28,2024-11-01,Law strategy leader tend itself art hold difference foot west successful use sometimes.,2024-11-08,16616.86,100000,16.62,7,16066.79,4,Rhodes-Barnett,15726.44,3,Successful police line door direction computer oil inside stock rise four sense matter.,NONE,FALSE,0.0
CLM-000554,Gina Chan MD,penny09@example.com,001-973-218-1560x542,POL-484914,umbrella,2025-11-14,2026-08-26,Organization support through growth often threat sort including bring blue machine.,2026-08-30,7757.46,50000,15.51,4,6748.2,2,"Kennedy, Parker and Cole",7195.6,6,Purpose go game change north lay coach raise decide medical environmental writer agent data.,NONE,FALSE,0.0
CLM-000555,Tina James,judith06@example.com,001-999-926-1382x6870,POL-858729,home,2022-05-29,2024-09-16,Keep hear American pressure notice throw image heavy market operation these.,2024-09-21,18439.75,100000,18.44,5,17421.14,3,Jones-Floyd,21163.51,8,Watch service write but network information cost society imagine whom.,NONE,FALSE,0.0
CLM-000556,Dakota Hall,brettthomas@example.net,001-634-546-0606,POL-724145,umbrella,2025-01-27,2025-12-30,Human gas candidate game Mrs hot.,2026-01-05,11948.42,100000,11.95,6,9692.7,4,George Inc,12121.24,3,Media drug resource any size technology enter most stock from mother.,NONE,FALSE,0.0
CLM-000557,Brian Nixon,scottmichael@example.com,(780)753-7642,POL-555401,home,2023-07-25,2026-04-02,Look teacher week nearly point land.,2026-04-09,7353.4,100000,7.35,7,7797.17,1,Johnson-White,8267.45,7,Reveal week collection eat avoid lose top behavior why tough nice who two.,NONE,FALSE,0.0
CLM-000558,Mary Fernandez,xknight@example.com,(787)831-4249,POL-511967,home,2024-05-27,2026-08-05,Office both trouble officer finally boy across crime.,2026-10-04,25000.0,50000,50.0,60,16055.7,2,Weaver PLC,24165.64,5,Likely affect bad among money fine range change again.,short_policy_coverage|delayed_reporting,TRUE,0.24
CLM-000559,Mary Smith,xward@example.com,664-887-9210,POL-186554,home,2024-05-14,2026-01-19,Capital letter practice adult best commercial race number education color anything.,2026-01-26,8492.13,50000,16.98,7,8692.5,4,"Sanders, Olson and Kerr",8659.91,3,Factor myself voice country add whose medical management top read democratic movement popular international somebody.,NONE,FALSE,0.0
CLM-000560,William Hernandez,richardjones@example.net,+1-985-981-9701x50196,POL-236708,auto,2024-12-27,2026-06-02,Agree can available candidate budget none near.,2026-06-06,10534.64,100000,10.53,4,10195.31,3,"Gomez, Allen and Bush",10730.54,7,Last about environmental positive culture live future claim travel gas who place head follow by investment decision page kitchen.,NONE,FALSE,0.0
CLM-000561,Alec Cobb,maria74@example.net,442-848-7396,POL-649713,auto,2024-06-29,2025-04-03,Generation bag understand down audience feel offer.,2025-04-05,11662.18,100000,11.66,2,9580.4,3,Luna-Young,11627.47,7,Remain leave commercial seem father play culture third teacher performance leg many page term gun book tough.,NONE,FALSE,0.0
CLM-000562,Courtney Stone,conleychristina@example.net,8342804247,POL-483010,home,2025-07-31,2026-03-13,Air anyone expert over industry great direction indeed explain cold high single really catch.,2026-03-14,3138.07,50000,6.28,1,2812.41,4,Green-Moore,3441.28,5,Determine site discuss other be whatever type picture around.,NONE,FALSE,0.0
CLM-000563,John Rodriguez,goodwinjack@example.org,(441)547-5690x0184,POL-941792,home,2023-01-23,2024-11-21,Without particularly world evening song clear offer PM.,2024-11-23,19765.39,100000,19.77,2,16676.96,0,"Gill, Jensen and Cohen",23269.08,4,Skin something bar good tell after collection issue tree score let single idea action rest century none off.,NONE,FALSE,0.0
CLM-000564,Jessica Kirby,pjones@example.com,327-887-3554x0423,POL-863873,auto,2025-09-13,2026-02-05,Manage century relate article item wear specific environment number perform figure discuss off.,2026-02-07,14021.83,50000,28.04,2,14328.55,1,"Smith, Flores and Lewis",16611.41,4,Tend social read company light really free cup still step better determine after loss everyone eat together quickly anything worry.,NONE,FALSE,0.0
CLM-000565,Christopher Carter,bmahoney@example.net,001-785-237-2033,POL-459946,umbrella,2023-03-15,2025-07-15,Trouble hundred by start force standard maintain bed water food.,2025-07-22,16816.45,50000,33.63,7,14014.55,3,Brown-Matthews,17511.93,5,Plant recognize event charge positive reach federal game figure bad per he head because.,NONE,FALSE,0.0
CLM-000566,Robin Pugh,willismegan@example.net,(905)734-9419x715,POL-672967,umbrella,2023-02-23,2025-05-01,Many building use it discover when place capital everyone early.,2025-05-03,15060.25,50000,30.12,2,13216.84,3,Martinez-Jenkins,16369.18,4,Provide their price through respond down capital them a job.,NONE,FALSE,0.0
CLM-000567,Christian Edwards,wmason@example.net,+1-269-377-1433x6080,POL-711324,umbrella,2023-04-12,2024-11-01,Bad expect senior run support run.,2024-11-07,14276.35,50000,28.55,6,11607.31,1,"Hernandez, Guerra and Warren",13106.16,4,Better order although son time prevent history during mission imagine meet remain safe become stage good inside other year.,NONE,FALSE,0.0
CLM-000568,Janet Holder,omarthompson@example.org,9724720814,POL-587546,umbrella,2023-03-20,2025-12-11,Cover decision information adult middle road Republican agreement mouth anyone hundred kitchen this set.,2025-12-18,14234.01,50000,28.47,7,11422.8,3,"Fuller, Hudson and Garcia",15630.54,8,Get exist nature in through employee lose nor want her middle individual head.,NONE,FALSE,0.0
CLM-000569,John Garcia,btorres@example.org,(495)263-4318x073,POL-213132,auto,2025-07-11,2026-06-05,Care more which investment serve degree.,2026-06-12,18344.51,50000,36.69,7,19449.27,5,Warner-Olson,18637.23,6,Adult customer her reach loss option claim indeed he natural pull actually billion.,NONE,FALSE,0.0
CLM-000570,Troy Moses,matthew00@example.com,590-980-9983x9767,POL-430779,home,2022-09-14,2025-03-19,Finally best Democrat dark soldier example moment.,2025-03-24,19555.63,50000,39.11,5,19147.54,0,"Brown, Johnson and Miller",18693.72,7,Fine past peace difficult adult reality research blood yard not popular finish even.,NONE,FALSE,0.0
CLM-000571,Manuel Steele,cory96@example.org,(452)575-6002,POL-141683,auto,2023-07-14,2026-03-14,Can to expert head sea later.,2026-03-18,11653.06,100000,11.65,4,11173.24,2,Lopez Inc,12200.52,8,Million say step bill might pick sign medical traditional front include issue report song sure design.,NONE,FALSE,0.0
CLM-000572,Elizabeth Hill,silvapatrick@example.org,(415)427-6958x44420,POL-472640,umbrella,2024-01-06,2024-12-10,Really chance Mr student course audience than doctor baby.,2024-12-12,1349.07,100000,1.35,2,1174.85,4,Williams-Hahn,1325.82,3,Tree all check quickly piece speech turn small page eat off.,NONE,FALSE,0.0
CLM-000573,Dennis Arias,marksashley@example.net,619-992-5692,POL-954441,auto,2021-12-22,2024-09-13,Nice protect deep as and energy exactly cup attorney billion want.,2024-09-19,5895.91,50000,11.79,6,5698.29,2,"Schultz, Collins and Rush",5705.32,5,Tv recently discuss fire break them protect finally late maybe increase occur ever answer yourself.,NONE,FALSE,0.0
CLM-000574,Matthew Gordon,chadgonzalez@example.com,(264)957-2275x794,POL-570988,umbrella,2025-01-05,2025-06-18,Agree Democrat year last election physical party wide last.,2025-08-15,8000.0,50000,16.0,58,6042.05,3,"Bender, Wright and Rodriguez",8594.47,4,Hotel wide past become staff identify feel above history difference interview speak go.,inconsistent_narrative,TRUE,0.14
CLM-000575,Kristie Bailey,rallen@example.org,408-796-5461,POL-649249,auto,2025-04-14,2026-07-28,How home eye article kid week hundred outside.,2026-08-04,3624.08,100000,3.62,7,3981.8,1,"Gray, Reid and Silva",3975.14,7,Opportunity meeting might level together east space agent approach throughout something about author main what technology president finish.,NONE,FALSE,0.0
CLM-000576,Rhonda Cabrera,wallacedakota@example.org,619.660.0490x214,POL-854388,auto,2025-11-28,2026-07-04,War special free option language dinner do.,2026-07-06,7032.43,100000,7.03,2,6295.99,1,"Stone, Alvarado and Cross",7863.13,5,Hear class nothing board simply ago decision doctor during ability view area pay someone on.,NONE,FALSE,0.0
CLM-000577,Gregory Ball,bernardchristina@example.net,431.573.9462x487,POL-881828,umbrella,2022-10-06,2025-06-17,State suffer heavy form product structure check look speech network professional end back.,2025-06-21,19262.73,50000,38.53,4,19676.91,1,Hill and Sons,21838.78,3,Thus loss participant key almost accept hair political local director floor.,NONE,FALSE,0.0
CLM-000578,Mitchell Price,angel98@example.net,954.264.6398,POL-741709,umbrella,2025-01-28,2025-11-27,Voice production pick foreign magazine suggest discuss.,2025-11-29,4510.18,100000,4.51,2,4427.56,4,"Young, Stanley and Alvarez",4371.6,4,Right world huge section who gun call street possible forget.,NONE,FALSE,0.0
CLM-000579,William Smith,bowerslaura@example.org,+1-301-456-1619x73844,POL-821568,home,2025-06-23,2025-12-07,Talk ability pull new cause shake most.,2025-12-09,14060.18,50000,28.12,2,13366.98,4,Wade-Bennett,14631.43,8,Person share rather threat remember night if campaign purpose design article program more management threat without we each yeah.,NONE,FALSE,0.0
CLM-000580,Tracy Hardy,obriendavid@example.org,001-888-322-0631x86417,POL-596864,auto,2025-11-11,2026-05-27,Physical response stock choose including share real job draw medical first personal opportunity including.,2026-05-30,4495.55,50000,8.99,3,3857.08,0,Hamilton-Smith,4597.04,3,Challenge sit project require safe probably within cause tonight chance thought source source.,NONE,FALSE,0.0
CLM-000581,Stephen Allen,cassidy99@example.com,(625)529-6444,POL-803950,auto,2024-04-23,2026-07-07,Investment region my medical the this avoid situation development animal election painting mind fly.,2026-07-10,19053.76,50000,38.11,3,16412.31,1,Mendoza-Randall,22447.82,6,Reflect order process reason side travel recognize cold loss look particular commercial green better charge.,NONE,FALSE,0.0
CLM-000582,James Young,darrenwhite@example.net,(760)732-3584x1802,POL-579770,auto,2024-11-02,2026-02-12,Operation week life dinner lay true number own grow major often shake attack.,2026-02-19,12724.13,100000,12.72,7,11724.78,0,"Cabrera, Scott and Hayes",13772.33,6,Available look describe hot two activity report international which hotel.,NONE,FALSE,0.0
CLM-000583,Ashley Martin,jessica23@example.org,4084056308,POL-878533,umbrella,2024-04-01,2025-12-30,Education point cause letter which stuff commercial book thousand raise miss dark commercial kid.,2026-01-05,6945.05,100000,6.95,6,6673.14,5,"Simmons, Gomez and Gillespie",8075.25,3,Give contain line according pay suddenly nearly case like stop attorney radio civil party involve thousand pick for church.,NONE,FALSE,0.0
CLM-000584,Gary Cohen,smithmichael@example.org,8814948422,POL-144476,auto,2024-08-13,2026-02-25,Real actually industry you care drive although second.,2026-03-02,3077.01,50000,6.15,5,2958.12,5,"Hall, Thornton and Lee",2805.54,6,Raise theory policy culture lead southern off wonder should center what air paper that.,NONE,FALSE,0.0
CLM-000585,Javier Yoder,jsalazar@example.com,001-340-833-0454x4106,POL-299072,home,2024-10-17,2026-02-09,Enough less air national face same need between rock believe imagine.,2026-02-14,15538.04,100000,15.54,5,14285.86,2,Carpenter Group,17590.66,5,Middle only fast budget accept stand pressure who impact of relate better.,NONE,FALSE,0.0
CLM-000586,Gary Martin,nathan32@example.org,+1-680-958-8377x43540,POL-157196,umbrella,2024-08-06,2026-02-16,Company future that cup hair sign beautiful trip simply stage floor.,2026-02-20,4163.25,50000,8.33,4,4459.27,3,"Graham, White and Griffin",4783.44,6,Need concern American bar knowledge mother affect draw effort white sort move something according service likely student it son.,NONE,FALSE,0.0
CLM-000587,Steven Thompson,michealpark@example.net,001-345-392-0559x67577,POL-916558,umbrella,2023-09-06,2026-05-23,Size writer something difference remember serve life will.,2026-05-24,14730.29,50000,29.46,1,15736.35,4,Sawyer-Nguyen,13855.19,6,Because home near without support whose now treatment although series.,NONE,FALSE,0.0
CLM-000588,Tracey White,jamesfletcher@example.net,001-560-208-3476x12898,POL-718990,umbrella,2023-11-08,2026-06-12,Exactly total science security room occur sense look this suffer call black.,2026-06-15,9566.83,50000,19.13,3,8233.02,3,Dominguez-Donovan,8868.97,5,Deep quality security think quality think certainly half poor want team mention mention.,NONE,FALSE,0.0
CLM-000589,Deanna Young,pfoster@example.org,001-690-607-3794x999,POL-271960,umbrella,2022-10-06,2024-11-24,Leg too process thank finally book white later ok stock.,2024-11-30,13322.95,100000,13.32,6,11152.15,0,"Simmons, Cruz and Wise",14813.36,8,Expect discussion shoulder store year board hospital view safe economic often try decide particularly forget.,NONE,FALSE,0.0
CLM-000590,Latoya Brown,ucox@example.com,937.556.8167x84340,POL-862182,umbrella,2024-02-24,2025-12-11,You present better rather letter whatever.,2025-12-14,2620.82,100000,2.62,3,2843.4,3,Beard Ltd,2791.45,3,First agent phone man movement hold church course resource may executive door.,NONE,FALSE,0.0
CLM-000591,Lindsey Anderson,evelyn02@example.org,726-353-2735,POL-791567,auto,2024-07-13,2025-01-25,Performance choose organization approach cause campaign environmental maintain factor.,2025-02-01,4246.81,50000,8.49,7,4504.36,1,"Rivera, Johnson and Sanchez",4802.07,3,Finish general later write tree chance American box edge create window enter value growth ever.,NONE,FALSE,0.0
CLM-000592,Ralph Rodriguez,saraharper@example.net,(470)465-0761,POL-567935,home,2023-10-17,2025-08-18,Trade must door report ago hit exist.,2025-08-22,6853.18,100000,6.85,4,5854.05,1,"Neal, Wright and Smith",8142.47,3,He food vote oil anything wide defense four according marriage should paper public.,NONE,FALSE,0.0
CLM-000593,Matthew Freeman,barbaraburke@example.com,+1-460-408-2369x62690,POL-621800,home,2024-12-06,2026-07-15,Artist know we put hundred leader painting.,2026-07-20,15542.52,50000,31.09,5,16198.98,4,Schneider-Moon,18104.1,4,Truth attack future blue although debate summer education particularly.,NONE,FALSE,0.0
CLM-000594,Stephanie Gaines,ewhite@example.net,+1-233-739-1929x6921,POL-530074,home,2025-04-20,2025-08-09,Agent be community individual tend today call certainly.,2025-08-11,12188.38,50000,24.38,2,11949.06,0,Pearson Group,11864.34,7,Consider single firm per food save movement knowledge coach natural certainly hundred character realize.,NONE,FALSE,0.0
CLM-000595,Natalie Choi,robertray@example.org,846-265-8952x4760,POL-965339,auto,2025-07-05,2025-09-23,Though week key reason either staff garden gun design nearly reason.,2025-09-26,12775.55,100000,12.78,3,10928.87,0,Simpson-Escobar,14001.79,3,Add about recent paper indicate long leader test yes beat toward method parent.,NONE,FALSE,0.0
CLM-000596,Eric Ross,popederek@example.org,(816)241-7005x3718,POL-978721,umbrella,2025-09-06,2026-08-07,Hit response myself action cut ready white husband figure line.,2026-08-09,17222.76,100000,17.22,2,15489.0,0,"Massey, Fields and Thomas",15753.82,6,Model today they set you card range draw health rate bar human adult officer beat pattern race news mission able.,NONE,FALSE,0.0
CLM-000597,Michael Chan,gtucker@example.com,(607)571-0740,POL-793029,umbrella,2024-01-20,2026-02-04,Interesting nature health kind here record possible family.,2026-02-06,4065.37,50000,8.13,2,3977.93,4,Santiago LLC,3875.22,6,Before unit number a put anything blood new gun risk.,NONE,FALSE,0.0
CLM-000598,Gregory Roberts,wmartin@example.net,792.901.0297,POL-197649,home,2023-09-23,2024-09-17,Possible purpose president team free discover out fly term.,2024-09-23,12000.36,100000,12.0,6,10927.18,3,Goodman-King,13753.37,6,Get himself question past score protect close example identify both sing deep.,NONE,FALSE,0.0
CLM-000599,Rachel Rosales,lesterwanda@example.org,893.276.6997x681,POL-241081,auto,2023-03-31,2025-04-10,Floor market because somebody feeling price son minute past hospital meeting every.,2025-04-17,11458.95,50000,22.92,7,12121.53,2,"Salazar, Robertson and Lewis",12124.9,7,Me color same purpose know enter agree pay newspaper decide election share fish wind say.,NONE,FALSE,0.0
CLM-000600,Ann Estes,lauren18@example.com,(368)598-5932x13596,POL-214611,umbrella,2022-10-12,2024-11-27,Stand law reason practice really surface.,2024-11-29,14220.76,100000,14.22,2,15554.74,4,Rich Inc,17010.26,6,Challenge teach enter get whose manager usually across surface fast step.,NONE,FALSE,0.0
CLM-000601,Stacey Washington,higginsdonald@example.org,001-547-949-8474x60429,POL-841139,home,2025-01-21,2026-05-03,Loss natural edge listen some Congress energy.,2026-05-09,14084.43,100000,14.08,6,13840.11,2,Ellis Group,13773.14,7,Movement speak general century strategy Congress land wall into try million peace operation my leave.,NONE,FALSE,0.0
CLM-000602,Gary Scott,eblake@example.org,401-992-9360x596,POL-689964,home,2024-02-04,2025-08-19,Professional ask recognize decade heavy eat owner book style success.,2025-08-24,7723.21,50000,15.45,5,7868.06,3,"Mitchell, Phillips and Munoz",8092.0,4,Responsibility protect imagine TV attorney growth never I relate red drive to whom specific agreement industry party.,NONE,FALSE,0.0
CLM-000603,Tracy Garcia,andersondavid@example.net,633-903-7271x8624,POL-450006,home,2024-01-28,2025-09-22,Industry technology son black personal decide recognize man suggest newspaper.,2025-11-18,19000,100000,19.0,57,11285.17,3,Ryan-Yates,17164.39,4,Indicate five think get technology former husband discuss item remember fast mission agreement pick nearly mission.,multiple_claims|short_policy_coverage,TRUE,0.27
CLM-000604,Christopher Bates,creynolds@example.com,+1-646-999-8428x828,POL-284160,auto,2024-05-11,2025-05-14,Foreign and bad detail purpose sport.,2025-06-28,5000.0,50000,10.0,45,2940.67,5,"Peters, Conway and Davis",5874.24,1,Decide city admit test war mission woman camera kind their lose home.,inflated_loss_value|suspicious_repair_quotes,TRUE,0.29
CLM-000605,Mary Morgan,dthomas@example.net,(203)820-8778x3471,POL-582992,umbrella,2022-12-14,2025-07-18,Program dinner develop point get thank series what.,2025-07-24,3579.32,50000,7.16,6,3223.3,3,"Richardson, Sanchez and Macdonald",4217.65,3,Cover practice teach surface laugh popular short argue former fund ground once.,NONE,FALSE,0.0
CLM-000606,Patty Walker,georgecooper@example.com,6428402555,POL-811141,home,2023-06-28,2025-02-15,Page smile range wonder somebody throughout work power fall billion live newspaper.,2025-02-22,10900.39,100000,10.9,7,10472.72,1,Ward PLC,11698.51,5,Point ten hundred population do hospital skill them herself act white everything provide today second issue.,NONE,FALSE,0.0
CLM-000607,Michael Hanson,hannafrank@example.net,+1-655-787-7006x239,POL-169429,auto,2025-04-25,2026-03-08,Style quality everything civil ever major agency new follow arrive can responsibility different.,2026-03-15,18407.54,100000,18.41,7,19368.81,2,Johnston Inc,21998.59,8,Drop war material term heavy name easy interest person fly thought.,NONE,FALSE,0.0
CLM-000608,Joshua Smith,diazjeffery@example.com,335-767-0277x287,POL-508489,auto,2024-06-28,2026-03-29,Hand issue per leg trouble property fast whether future gas.,2026-04-03,17005.71,100000,17.01,5,14200.68,2,"Wood, Richardson and Vance",18903.2,5,To drive pick care report bar boy method themselves whatever experience avoid difference general civil.,NONE,FALSE,0.0
CLM-000609,Mary Richardson,dunlappatricia@example.net,+1-982-616-5119x2145,POL-621199,auto,2024-03-11,2025-04-25,Floor art daughter smile professor list history performance energy.,2025-05-01,1600.94,50000,3.2,6,1497.79,2,Johnson Ltd,1544.65,5,Center week country rock raise drop rich before collection yeah there experience say common customer significant do popular some.,NONE,FALSE,0.0
CLM-000610,Christopher Moran,wardmaria@example.org,(379)459-9004x794,POL-915572,auto,2022-02-03,2024-09-25,Toward foot image beat tonight beautiful whom box son.,2024-09-27,3132.39,100000,3.13,2,2592.93,4,"Richmond, Madden and Green",2842.58,6,Report list dark over rate it compare left natural beautiful management face campaign should character significant people third.,NONE,FALSE,0.0
CLM-000611,Wendy Williams,brittany48@example.org,(898)890-8881,POL-606957,umbrella,2023-07-30,2026-02-08,Special citizen bring occur put than already child provide.,2026-02-13,3927.48,50000,7.85,5,3758.95,2,Flores PLC,3703.57,3,Behind where do issue television human approach feel understand they wrong treat.,NONE,FALSE,0.0
CLM-000612,Claudia Kelley,montgomerypamela@example.com,705-801-3320x3449,POL-239164,auto,2022-10-01,2024-11-10,When baby thus listen hospital around.,2024-11-17,19663.2,100000,19.66,7,15946.18,3,"Crawford, Reed and Warner",21906.83,7,Religious president charge away help second brother ago cultural marriage politics road behavior win public.,NONE,FALSE,0.0
CLM-000613,Randy Vaughn,bbray@example.org,001-699-863-0667x00599,POL-820426,umbrella,2024-02-13,2026-08-23,Television whose however painting technology carry she design leave ahead blue race mission.,2026-08-24,1078.09,100000,1.08,1,890.63,3,Harrington PLC,1257.87,3,Term assume pretty nice cup consumer fear such sometimes image threat sing fall think my moment cover themselves.,NONE,FALSE,0.0
CLM-000614,Kyle Smith,hlopez@example.com,+1-525-385-4551,POL-123572,umbrella,2022-10-29,2025-01-12,Western site white try mind close seem into my training natural major how.,2025-01-17,15557.42,100000,15.56,5,13902.78,1,"Randall, Lee and Benton",15499.3,4,Admit election dog effort hair find inside son military scene want entire hotel make because although direction leader generation.,NONE,FALSE,0.0
CLM-000615,James Martinez,william08@example.org,644-515-7281,POL-562543,umbrella,2024-08-13,2025-01-10,Through authority much brother film true teacher there away might.,2025-01-13,6256.34,50000,12.51,3,5516.82,1,Ross Ltd,6144.3,3,Site game remember especially will travel compare huge wide.,NONE,FALSE,0.0
CLM-000616,Tammy Hahn,vincentdavis@example.com,8348454595,POL-153190,auto,2025-04-15,2025-06-13,Across yeah surface behavior western poor.,2025-07-23,7000,100000,7.0,40,4721.94,2,Hernandez and Sons,6522.45,1,Why heavy onto trade reach real prepare risk she season sort hospital morning.,suspicious_repair_quotes,TRUE,0.11
CLM-000617,Shelly Dunlap,mary70@example.net,340.399.1650,POL-725078,umbrella,2023-12-01,2025-10-05,In really employee through similar affect every month.,2025-10-06,9102.85,50000,18.21,1,9565.75,5,Hoffman-Lopez,9410.08,5,Spend almost real common main now Republican office then buy specific order green expect see into forget catch.,NONE,FALSE,0.0
CLM-000618,Melissa Kirby,megan27@example.com,(680)601-6173,POL-591022,auto,2023-07-02,2024-11-09,Oil situation recent five contain fine brother important defense direction class.,2024-11-29,8000.0,100000,8.0,20,5771.03,5,Blankenship-Robertson,8329.31,4,Responsibility rather raise animal bed actually news watch by Republican exist prevent large weight scene dream task them.,inconsistent_narrative,TRUE,0.14
CLM-000619,Elizabeth Campbell,glenn35@example.net,(328)533-7287x567,POL-481104,home,2025-08-26,2026-03-31,Truth increase for event lead represent.,2026-04-02,17360.83,100000,17.36,2,17532.43,5,Clayton LLC,17345.18,5,Night third rock ask modern write light also three so everyone usually very maintain officer break indicate away.,NONE,FALSE,0.0
CLM-000620,James Banks,kiddmelissa@example.org,7974542473,POL-218370,home,2025-02-18,2026-07-23,Market return lot factor push will many above light.,2026-07-27,10262.63,50000,20.53,4,9630.17,1,"Clay, Chen and Peterson",10105.38,5,Free believe beautiful power side stock nearly clear coach low will art.,NONE,FALSE,0.0
CLM-000621,Nicholas Hernandez,uward@example.org,+1-439-357-1646,POL-525392,umbrella,2023-03-13,2025-07-05,Stop country year line story see.,2025-07-10,11918.89,100000,11.92,5,9917.64,4,Griffin and Sons,13049.22,5,Minute article place sell indicate require shake seem voice different already song some relationship number threat method event.,NONE,FALSE,0.0
CLM-000622,Michael Graham,amber62@example.net,(750)674-4565x72676,POL-350164,umbrella,2024-06-20,2025-03-26,Significant member maybe land one marriage officer.,2025-03-31,9758.52,100000,9.76,5,9410.97,3,Villarreal Inc,9906.31,5,Film share senior article join conference particularly with around by sea professional.,NONE,FALSE,0.0
CLM-000623,Troy Watson,awalker@example.net,001-407-440-6351x685,POL-922412,home,2024-10-29,2026-07-01,Let seat happy by remain customer set offer work.,2026-07-03,16464.4,100000,16.46,2,17060.38,4,Cortez LLC,18246.51,4,Human under impact us create manage discover year can mouth great hundred.,NONE,FALSE,0.0
CLM-000624,Crystal Taylor,tylerthompson@example.com,001-593-610-3370x08942,POL-846490,umbrella,2023-10-24,2026-03-28,Daughter knowledge environment course thought cultural.,2026-04-03,13722.5,100000,13.72,6,12981.34,4,Chen PLC,14804.14,5,Decision exactly human she bar growth main natural two especially despite big model represent phone sell reach box.,NONE,FALSE,0.0
CLM-000625,Janice Smith,tphillips@example.com,242-715-7837x9264,POL-422998,home,2026-04-25,2026-08-04,Require pick late positive yard owner mission guy.,2026-08-09,2855.42,50000,5.71,5,2796.82,5,Baker and Sons,3267.23,6,Yeah degree sort also owner party parent trial quality military design deep really age close order hear ok purpose.,NONE,FALSE,0.0
CLM-000626,Peggy Becker,andersonalexander@example.com,(886)506-7347x67149,POL-194930,auto,2024-03-31,2026-08-14,Nice group past three a month continue.,2026-08-17,10391.61,100000,10.39,3,8746.36,4,Gates Group,12168.33,8,Check foot not hundred traditional kid day quality increase others either front.,NONE,FALSE,0.0
CLM-000627,Justin Bailey,robert65@example.org,370-287-3002,POL-256464,home,2024-04-24,2025-11-19,Save war vote herself heavy raise win.,2025-11-26,1003.5,50000,2.01,7,890.56,4,Fitzgerald-Douglas,1077.14,4,Daughter relate control water daughter truth later nor out assume property above benefit buy owner few mind.,NONE,FALSE,0.0
CLM-000628,Allison Ramos,roberttorres@example.com,001-289-537-8595x41760,POL-697978,umbrella,2024-07-19,2025-06-25,Benefit increase trip side prevent hand wear blue experience seem sport respond.,2025-06-27,13948.82,50000,27.9,2,15002.66,3,Graham-Andrews,15557.64,5,Effort management degree whether doctor key near arm side through represent candidate want air.,NONE,FALSE,0.0
CLM-000629,Thomas Miller,scottlindsey@example.com,001-777-219-8883x7434,POL-635218,home,2022-11-24,2025-05-09,Standard meet people me house section around dream memory number option pull exactly.,2025-05-10,12071.81,100000,12.07,1,10119.4,2,"Farley, Martin and Arias",11090.65,7,Simple discussion economy if form you cost bill green allow dog later above national.,NONE,FALSE,0.0
CLM-000630,Jennifer Roberts,tsmith@example.net,3373647476,POL-476695,auto,2022-08-13,2025-02-09,Ball concern speech analysis senior risk staff if fine go small.,2025-02-10,1016.02,100000,1.02,1,898.84,0,"Shaw, Howe and Jones",986.12,8,Total and skin few finish own Democrat head suddenly indeed resource husband beyond development finish see short ago only.,NONE,FALSE,0.0
CLM-000631,Dr. Adam Frey,jonesmelissa@example.com,318.515.8061x949,POL-501384,home,2025-02-10,2026-04-06,Personal right already green building believe spend specific development up in.,2026-04-11,8491.1,50000,16.98,5,7901.45,1,Miller-Hamilton,9329.56,6,Baby account activity find way our daughter clear structure when next resource sit very hand make treatment big.,NONE,FALSE,0.0
CLM-000632,Kevin Clark,charleslee@example.net,(922)709-4003x717,POL-477789,home,2025-01-08,2025-07-14,New history respond effort according human attention truth water consider increase with.,2025-07-16,4576.31,50000,9.15,2,4057.09,5,Le Ltd,4291.04,3,True yes option store wall investment make behavior body never answer poor my.,NONE,FALSE,0.0
CLM-000633,Bonnie Barnett,nancymendez@example.net,430.225.5987,POL-610343,umbrella,2025-03-08,2026-06-28,Small determine so staff future involve probably measure painting suffer black.,2026-06-29,13319.4,50000,26.64,1,14551.34,1,Keith Ltd,12325.76,8,Plan number identify natural whom grow gas become cell any describe instead million if ever billion.,NONE,FALSE,0.0
CLM-000634,Alexis Scott,ilarsen@example.net,897-714-0834,POL-927251,umbrella,2024-04-17,2026-01-25,Exactly themselves ahead identify opportunity speech science stock treatment.,2026-02-01,8901.25,50000,17.8,7,9605.28,4,Gutierrez and Sons,8491.25,7,Energy huge order determine peace national strategy number American election part ever figure professor price face grow.,NONE,FALSE,0.0
CLM-000635,Jessica Jordan MD,emilyburton@example.com,966.491.9530x164,POL-472566,auto,2025-12-12,2026-07-20,Woman husband light fall Republican three floor trade care site rather can.,2026-07-24,11488.95,50000,22.98,4,10655.21,0,Bernard-Miller,12332.03,8,Hit shoulder music itself should final miss establish wait then organization place skill including practice by.,NONE,FALSE,0.0
CLM-000636,Jonathan Henry,bradley15@example.com,(731)425-2423,POL-672696,umbrella,2024-04-27,2025-06-06,Still hope almost minute seat mission people outside these laugh.,2025-06-08,14530.47,50000,29.06,2,11770.24,0,Cox Inc,15554.07,8,Significant across growth rule direction current because rest middle he including forget whether perhaps explain.,NONE,FALSE,0.0
CLM-000637,Nicholas Dawson,munoznicole@example.net,643-514-1408x783,POL-824038,auto,2024-07-05,2024-12-27,Then loss seven character them and chance up interview most direction.,2024-12-30,3150.12,50000,6.3,3,3210.15,4,Vasquez PLC,3764.63,5,Ball board administration amount race him technology class impact year mind pattern south specific quickly gun list win.,NONE,FALSE,0.0
CLM-000638,Sharon Butler,wayne82@example.org,001-972-454-4225x3511,POL-739705,auto,2025-06-22,2026-03-30,Agent animal economic from discover save cost while city would kid list here.,2026-04-03,10822.04,100000,10.82,4,10191.5,5,Erickson-Patel,11894.73,8,National manager fly recent may bad professor argue line debate range start respond hope growth couple he seek carry.,NONE,FALSE,0.0
CLM-000639,Amanda Skinner,scottstephanie@example.org,8106614452,POL-707784,home,2023-02-23,2024-12-11,Remain find use degree organization partner long specific raise gun.,2024-12-12,13997.41,100000,14.0,1,11419.54,2,Cardenas LLC,14844.39,3,Usually clearly it past agreement agent animal deal plan difficult feeling outside hair represent red sport response phone safe model.,NONE,FALSE,0.0
CLM-000640,Kayla Brown,darrellarmstrong@example.org,594.537.6382x7490,POL-701846,umbrella,2023-11-12,2024-11-15,Civil control that focus news upon keep.,2024-11-19,9626.66,100000,9.63,4,8917.22,2,Hayes-Jennings,9499.23,3,Rule there there moment something new finally likely teach eight learn determine his teacher.,NONE,FALSE,0.0
CLM-000641,Adam Chambers,tgray@example.org,(582)812-8219,POL-862285,umbrella,2025-11-04,2026-08-27,Close new energy key interview remain democratic deal sure trade return growth.,2026-09-02,18534.43,100000,18.53,6,15169.05,3,"Murillo, Jordan and Martin",19895.64,7,Too husband whom allow event good discuss consider education.,NONE,FALSE,0.0
CLM-000642,Gerald Shepherd,beth81@example.org,346.951.2421x06378,POL-873199,umbrella,2026-05-13,2026-07-09,Film report visit smile education wear.,2026-07-10,13470.08,50000,26.94,1,11935.09,0,Miller Group,12635.56,3,Often understand scene star southern report of election available east off culture bit several improve.,NONE,FALSE,0.0
CLM-000643,Kenneth Thompson,hmurray@example.com,675.393.5861x3417,POL-745710,home,2025-08-28,2026-07-05,Get similar yet age natural name fear it man candidate customer parent quickly.,2026-07-12,15891.49,50000,31.78,7,16802.99,0,Atkinson-Wilson,17837.07,7,Almost avoid difference blood final whom film contain current.,NONE,FALSE,0.0
CLM-000644,Mr. Benjamin Haney DDS,smithjessica@example.com,364-779-0499,POL-791174,home,2025-07-08,2026-08-20,Difference product ago lawyer voice herself program hit consider already push brother.,2026-08-22,18292.5,100000,18.29,2,19067.23,2,Gill Group,20757.57,4,It difference community hair sometimes nothing keep citizen environment guy worker billion.,NONE,FALSE,0.0
CLM-000645,Heidi Fleming,ericwalter@example.com,5114549177,POL-134697,home,2026-01-23,2026-05-19,Above whom interest future meet reach test rather information as until.,2026-05-23,4435.37,100000,4.44,4,4835.46,4,"Cooper, Jacobs and Gonzalez",5234.55,4,May worry long stop turn option stop we trouble year improve even many collection customer.,NONE,FALSE,0.0
CLM-000646,Mary Dyer,brooke45@example.net,666.994.9471x553,POL-907789,home,2024-12-03,2025-09-02,Tell positive response can age hair kind college positive.,2025-09-09,10423.02,100000,10.42,7,10404.26,5,"Hardy, Shelton and Adkins",11374.35,4,Huge these politics else there down source glass network walk significant lot account director democratic role head idea country return.,NONE,FALSE,0.0
CLM-000647,James Cherry,hortonjoshua@example.org,237.730.4150x6324,POL-773459,home,2022-09-25,2024-12-06,Animal scene center guess discover mouth place.,2024-12-11,14952.86,50000,29.91,5,15638.59,0,Harris-Macdonald,14209.41,6,Level positive entire work small too tell seat easy surface weight tough cultural six people enough.,NONE,FALSE,0.0
CLM-000648,Anthony Friedman,lisa10@example.org,7273607819,POL-888977,umbrella,2024-08-16,2025-05-12,Federal military option left not light million yet tell against beautiful.,2025-05-16,6725.98,100000,6.73,4,6147.14,5,Lewis-Morris,6840.46,5,Especially water month decision game watch treat protect shoulder rather improve control level risk team like.,NONE,FALSE,0.0
CLM-000649,John Fields,pughcarol@example.org,001-661-339-1237x7459,POL-402820,home,2024-05-27,2025-07-22,Training eat in may across true measure without.,2025-07-24,11078.4,50000,22.16,2,11117.71,4,Riley-Blake,12240.11,3,Sort identify political budget air interview American along lawyer day Mrs population kid room mention cultural action effect success goal defense.,NONE,FALSE,0.0
CLM-000650,Dustin Gregory,natalie92@example.com,(580)890-3178,POL-985249,home,2024-10-03,2026-07-20,Early way into season for person stock way yes.,2026-07-21,18436.53,100000,18.44,1,19826.88,2,Pierce Ltd,18445.57,5,Too you onto agency yet will almost phone he above require garden interest person approach sea city street power.,NONE,FALSE,0.0
CLM-000651,Linda Dean,bgonzalez@example.net,(935)365-4030,POL-510154,home,2024-03-29,2026-06-28,Every some art conference leg under ago certainly window participant.,2026-07-05,2867.26,100000,2.87,7,2874.68,1,Davis LLC,3212.17,7,Against campaign bad water cause although you take value.,NONE,FALSE,0.0
CLM-000652,Elizabeth Baxter,knightrenee@example.org,(548)447-3857x797,POL-823809,auto,2023-12-26,2024-12-10,Store forget quite door stop hear be church certainly.,2024-12-17,4703.59,50000,9.41,7,4535.6,5,"Lopez, Robertson and Taylor",4245.19,3,System only test better gas that half level industry month moment rich from full.,NONE,FALSE,0.0
CLM-000653,Jose Andrews,megan48@example.com,(415)604-8849x1508,POL-818798,home,2023-09-15,2024-10-08,Imagine fact down forward kitchen surface other guess six.,2024-10-09,8813.73,100000,8.81,1,7631.15,2,"Wolfe, Ayala and Clark",8598.4,3,Meet back artist series care check just form language student physical value even off conference.,NONE,FALSE,0.0
CLM-000654,Beth Robertson,melissadoyle@example.org,697.890.0704x5594,POL-900962,umbrella,2023-08-04,2025-04-04,To two suddenly black interview culture nor small probably major child.,2025-04-06,6000,100000,6.0,2,3567.35,3,Willis-Cooper,7012.8,3,Us since issue enjoy safe again feeling site treat.,inconsistent_narrative,TRUE,0.14
CLM-000655,Michael Sanders Jr.,mcmahonlisa@example.org,001-534-617-0054x558,POL-179392,umbrella,2025-04-23,2026-08-30,Green white thought guy itself cost but yeah what professional.,2026-09-02,6596.8,100000,6.6,3,7103.49,2,Watson Ltd,7459.71,8,Record team increase meeting night site green account write season before me service anything cut list have form.,NONE,FALSE,0.0
CLM-000656,Christopher Garrett,oaguilar@example.com,+1-760-293-1608,POL-269833,auto,2024-10-10,2025-08-19,Almost head several culture bad blue subject.,2025-08-25,15627.73,50000,31.26,6,16145.5,3,Williams Group,15886.79,3,Any particularly couple question down describe number drug onto continue able protect door night.,NONE,FALSE,0.0
CLM-000657,Matthew Crane,allisoncampbell@example.com,316.476.6342x08348,POL-561976,auto,2024-02-16,2025-08-02,Control she itself lose chance staff film summer election.,2025-08-05,19156.51,50000,38.31,3,20953.9,1,"Hansen, Miranda and Hubbard",20748.24,4,Out its dream order prepare million raise near kitchen take evening note find money professional fill wear himself.,NONE,FALSE,0.0
CLM-000658,Ms. Michele Wright,mark66@example.com,+1-623-894-0269x0896,POL-906048,home,2025-03-20,2025-11-28,Industry you mind when business worry consider cause sit certainly.,2025-12-04,10349.09,50000,20.7,6,10185.47,0,"Barton, Mccoy and Ibarra",12147.58,8,Entire nice case tough difficult debate magazine newspaper establish wonder push.,NONE,FALSE,0.0
CLM-000659,Katherine Turner,tyler30@example.com,759-765-7657x86800,POL-699098,umbrella,2024-01-14,2024-10-26,Sure capital how security prepare end.,2024-10-29,2962.46,50000,5.92,3,3060.73,0,Shepard-Baker,3462.98,4,Trip close already in effort its cover edge education amount factor because rate issue economic resource.,NONE,FALSE,0.0
CLM-000660,David Miller,armstrongallison@example.net,+1-605-565-1335x85081,POL-796889,home,2025-08-05,2026-06-03,Strategy remember may upon together improve yet control.,2026-06-09,13166.37,100000,13.17,6,11131.93,2,Powers-Holt,15422.89,7,Single can daughter benefit I turn season measure wife.,NONE,FALSE,0.0
CLM-000661,Andrew Hernandez DDS,michael49@example.com,(899)305-2702x599,POL-614514,home,2024-11-10,2026-03-01,Soon democratic tough mean create fine test.,2026-03-02,10792.28,100000,10.79,1,9941.57,5,"Webb, Dennis and Harmon",12241.48,3,But always baby other check threat cause husband onto explain sound cut least executive language.,NONE,FALSE,0.0
CLM-000662,Drew Miller,scottwright@example.org,(566)865-6023,POL-822742,home,2026-03-15,2026-08-16,Toward whose fund against several economy for.,2026-08-21,5291.09,50000,10.58,5,5133.27,2,Hernandez-Bryant,5291.26,5,Thus purpose if through section century right both account whether tough.,NONE,FALSE,0.0
CLM-000663,Tammy Pierce,simmonsaaron@example.com,512-418-1679,POL-778506,auto,2025-04-11,2026-05-20,Half somebody off director recent discuss picture have morning.,2026-05-24,2048.7,100000,2.05,4,1967.55,2,"Aguilar, Flores and Miller",1893.28,6,Former stage to ok could team relationship dinner challenge computer raise include month free up former.,NONE,FALSE,0.0
CLM-000664,Nathan Torres,morriskevin@example.net,7515093346,POL-285197,umbrella,2024-09-19,2024-11-28,Wonder data draw firm remember happy few let.,2024-12-05,15563.65,100000,15.56,7,16968.33,5,Smith PLC,14899.1,8,Build side enjoy late large policy chair skill action whom especially article standard game.,NONE,FALSE,0.0
CLM-000665,Kristen Frazier,michelleknapp@example.net,001-971-878-5681,POL-166052,umbrella,2024-03-16,2026-02-02,Know already page management science whose similar dream shake attorney arm girl guy.,2026-02-27,18000,50000,36.0,25,12999.78,5,"Miller, Gray and Hammond",21419.5,1,Easy practice maintain deep threat explain matter mind require election feel history.,multiple_claims,TRUE,0.15
CLM-000666,Elizabeth Haney,maria59@example.org,(970)776-5094x620,POL-856035,auto,2024-11-17,2026-02-05,Chair walk consumer book product civil ago campaign usually place him.,2026-02-06,7446.42,50000,14.89,1,6221.16,5,"Fuentes, Brown and Hoffman",8192.51,6,Team after brother wrong though small job about power operation such about new president any their yes matter.,NONE,FALSE,0.0
CLM-000667,Alexander Hickman,fmarshall@example.com,3143972682,POL-877048,umbrella,2024-10-07,2025-07-02,From positive significant outside husband its who last player which gun receive none.,2025-07-08,17533.8,100000,17.53,6,18891.7,0,Mooney and Sons,19649.04,6,Already tend top build daughter husband talk role notice school least.,NONE,FALSE,0.0
CLM-000668,Meagan Thompson,williamsmichael@example.com,948.967.3581x821,POL-748410,auto,2024-06-29,2025-04-03,Meeting want example later draw tell pass performance question.,2025-04-09,1362.2,100000,1.36,6,1376.35,1,Pena-Parker,1231.85,8,Dog hit official like buy go significant success particularly article here effect policy but high make officer notice while.,NONE,FALSE,0.0
CLM-000669,David Johnson,sanchezangela@example.net,505.568.2875,POL-202018,home,2024-01-18,2025-11-03,Successful concern ready apply our everybody nature make lose buy.,2025-11-04,18188.58,100000,18.19,1,15482.24,4,Hansen Group,16718.71,3,Take operation face happy later number close camera often bar population member friend usually soldier nothing everybody return such health.,NONE,FALSE,0.0
CLM-000670,Emily Sanford,xhardy@example.net,774-531-2434,POL-331287,auto,2023-11-15,2026-03-17,Easy understand baby ready manager all onto tonight least anyone.,2026-03-18,10445.73,100000,10.45,1,8991.6,2,Robertson-Quinn,11944.24,8,Herself reduce health poor yeah cost partner culture office imagine help step.,NONE,FALSE,0.0
CLM-000671,Joseph Stewart,rosskatherine@example.org,001-594-741-0104x27974,POL-817318,umbrella,2024-01-01,2025-08-11,Success change TV ability surface son measure theory past.,2025-08-17,8638.16,50000,17.28,6,7266.41,1,"English, Dean and Wilson",9754.8,7,Several television only hard wife fly more someone thought back become.,NONE,FALSE,0.0
CLM-000672,Colin Ellis,fbrown@example.com,526-724-5546x2021,POL-248097,home,2025-07-27,2026-02-14,Soldier performance receive century economic expect majority team seek.,2026-02-16,7374.57,50000,14.75,2,7440.12,4,Estrada and Sons,7002.17,4,His tree truth soon unit street else rate result anything anything social unit moment.,NONE,FALSE,0.0
CLM-000673,Kenneth Ayala,myersmatthew@example.org,812-202-2417x561,POL-988528,umbrella,2024-11-11,2026-08-30,Front education stop more west from business despite culture hot room activity military.,2026-09-04,1773.28,50000,3.55,5,1618.72,1,"Mcbride, Jones and Conway",1604.27,6,Necessary keep partner project risk nature not region concern sort or color sport television poor.,NONE,FALSE,0.0
CLM-000674,Kelly Lozano,william41@example.com,3136856993,POL-193471,umbrella,2022-12-27,2024-11-23,Include child town stock star air late three.,2024-11-24,1120.64,50000,2.24,1,1096.12,2,Williams PLC,1148.51,6,Reduce job woman message minute idea person myself real chair cost son by product.,NONE,FALSE,0.0
CLM-000675,Tiffany Lynn,rcollins@example.net,+1-791-453-2180x1130,POL-384111,umbrella,2024-04-05,2025-08-09,Bill I there should thought dog consumer economy.,2025-08-15,3410.96,50000,6.82,6,3150.39,1,"Dudley, Acosta and Hernandez",3694.62,3,House wall live bank drug sister act cause east strong serious education drop.,NONE,FALSE,0.0
CLM-000676,Robin Wells,collinsdennis@example.net,998.976.6740,POL-192296,umbrella,2023-02-20,2025-07-15,Avoid large full soldier successful appear drop.,2025-07-20,4420.01,50000,8.84,5,4573.72,2,Hale LLC,4533.32,7,Affect pull sound our television whom certain sometimes source case.,NONE,FALSE,0.0
CLM-000677,Dylan Brown,brittneywashington@example.com,001-839-585-2381x82893,POL-200331,umbrella,2024-02-24,2025-03-30,Coach strong near interview again this scene always Congress then good trial significant discuss.,2025-04-01,4646.15,100000,4.65,2,4919.43,4,"Mendez, Richardson and Young",4888.97,6,Rise race or purpose practice five fine life arm according.,NONE,FALSE,0.0
CLM-000678,Mary Simpson,adam88@example.com,001-849-899-6357,POL-155646,auto,2025-03-26,2025-08-18,By audience national activity foot often authority sit either evidence grow.,2025-08-25,12902.82,50000,25.81,7,13405.82,5,"Jackson, Mccullough and Aguilar",14878.69,6,Beyond stage station remain score partner go benefit including process great TV region true ago.,NONE,FALSE,0.0
CLM-000679,Brian Hall,wperez@example.com,001-690-450-4173x7223,POL-145209,auto,2023-08-16,2025-07-06,Term main maybe special than when year cup what question describe.,2025-07-10,4350.15,100000,4.35,4,3955.41,1,"Rodriguez, Black and Alexander",4482.4,5,Staff president now discover war film kitchen radio see theory west build total kid first ok each task through.,NONE,FALSE,0.0
CLM-000680,Larry Finley,vickigarcia@example.org,+1-686-223-0659,POL-145421,auto,2022-12-19,2025-02-14,Dog until believe song during individual.,2025-02-19,16297.92,100000,16.3,5,13294.82,4,"Crane, Espinoza and Byrd",15528.11,3,Can may fight relationship agency beautiful animal military win.,NONE,FALSE,0.0
CLM-000681,Julie Griffin,isaiahbrown@example.net,+1-597-503-2043x474,POL-346729,umbrella,2023-06-27,2024-10-24,Figure bit in at and again successful ability activity.,2024-10-28,10783.17,50000,21.57,4,10543.91,2,Rodriguez-Martinez,11060.51,8,Hand whether lay field another line wish chair race quickly others ground sense yet less.,NONE,FALSE,0.0
CLM-000682,Robert Jones MD,despinoza@example.com,(377)551-3877x12398,POL-215482,home,2025-04-14,2026-01-02,Lead player claim everyone live although guess only five school improve member stock.,2026-01-08,18069.08,50000,36.14,6,14986.84,5,"Doyle, Bryant and Ramsey",18498.74,4,Box new rate material window price single road always phone somebody girl machine five.,NONE,FALSE,0.0
CLM-000683,Keith Saunders,john62@example.org,(644)293-3927x195,POL-713513,home,2025-02-13,2025-05-09,Direction finish inside lay cell approach life play should culture next.,2025-05-13,17935.94,50000,35.87,4,19140.28,1,Lopez-Mcdaniel,17305.48,7,Grow power rest sense purpose environment view support late voice might order including life whose.,NONE,FALSE,0.0
CLM-000684,Rebekah Ho,dawnmerritt@example.org,600-972-0409,POL-579975,umbrella,2025-10-25,2026-06-10,Would site far black kitchen protect.,2026-06-14,4383.15,50000,8.77,4,4337.59,2,"Schwartz, Stafford and Ramirez",4210.73,4,Weight world necessary impact bank industry week chance item.,NONE,FALSE,0.0
CLM-000685,Travis Jimenez,anna67@example.org,401-787-7033,POL-243132,auto,2023-10-05,2026-03-25,Since realize process difference senior less care style process significant not.,2026-03-26,14152.0,50000,28.3,1,13298.07,3,"Golden, Sandoval and Scott",13463.65,5,Senior police arm something dinner work sort kind organization scientist.,NONE,FALSE,0.0
CLM-000686,Debbie Skinner,justinjohnson@example.net,413-501-8643,POL-927899,umbrella,2024-10-05,2026-07-23,Sport two ready spring best skin coach.,2026-07-25,17841.77,100000,17.84,2,19120.55,4,Wheeler-Merritt,21250.28,4,Arm early drug serve establish rock choice thousand south light agreement speech whose read decide catch before power.,NONE,FALSE,0.0
CLM-000687,Roberto Scott,wilsonmary@example.org,+1-720-460-7136x9300,POL-326956,umbrella,2023-08-05,2024-12-31,Away push enter position interest until pressure watch.,2025-01-01,8822.23,100000,8.82,1,9273.02,2,"Webster, Velasquez and Castro",7978.39,6,Firm interesting buy important white fine share number particularly establish center.,NONE,FALSE,0.0
CLM-000688,Donald Wilcox,jason58@example.org,(482)595-0814x9940,POL-555342,umbrella,2025-07-28,2026-04-11,Crime new or stay memory really we.,2026-04-17,17579.37,50000,35.16,6,18766.8,4,"Fitzpatrick, Cook and Newman",20811.79,7,Military from unit many animal market program because rather through start space guess small state treatment group exactly.,NONE,FALSE,0.0
CLM-000689,John Mitchell DVM,lbaker@example.org,4468400606,POL-593515,umbrella,2023-11-09,2026-02-03,National call score leader south sort market order size.,2026-02-04,8937.67,50000,17.88,1,8502.09,3,"Bell, Pearson and Roberts",9468.0,6,Again beyond building though effect life teacher education within room owner analysis sense art street pass.,NONE,FALSE,0.0
CLM-000690,Ryan Paul,kjohnson@example.org,(225)517-4316x0325,POL-574419,home,2025-11-27,2026-08-30,Father purpose our various else environment choice news group rate drug before surface.,2026-09-06,16162.33,100000,16.16,7,13332.75,0,"Lozano, Hudson and Swanson",17907.02,6,Unit fill recognize time represent government lead medical break large cover body report explain road.,NONE,FALSE,0.0
CLM-000691,Nicholas Rice,melissahuynh@example.com,3239936276,POL-779099,auto,2025-11-18,2026-01-03,Truth establish air program without everything type from hand ball need.,2026-01-05,3521.53,50000,7.04,2,3324.1,2,Wagner Inc,3340.32,6,Go visit religious source mother owner also simple factor.,NONE,FALSE,0.0
CLM-000692,Carolyn Shah,scottvelazquez@example.com,474.923.9354x3373,POL-757776,auto,2024-10-20,2025-12-18,White part show official bag when build activity here majority series attack.,2026-02-11,17000,100000,17.0,55,9792.28,4,Shannon Ltd,18007.69,5,West recent history theory project him so story describe market guess ground eat.,suspicious_repair_quotes,TRUE,0.11
CLM-000693,Aaron Bradley,cameronchavez@example.org,+1-995-507-9337x73129,POL-742254,umbrella,2024-12-07,2026-08-18,Walk score military appear without civil real prove young.,2026-08-22,15304.87,100000,15.3,4,15891.71,5,"Fowler, Jacobson and Johnson",14146.1,5,Include respond a arrive character agree pretty local the want building.,NONE,FALSE,0.0
CLM-000694,Diana White,ashley02@example.org,915.799.8751,POL-807424,home,2023-04-16,2025-11-10,Smile ahead cold add very moment arm its able painting voice.,2025-11-16,18712.62,100000,18.71,6,15259.56,3,Rogers-Jackson,18893.71,7,Business determine agency kitchen personal institution power middle sit foot radio full yard onto.,NONE,FALSE,0.0
CLM-000695,George Phillips,pthompson@example.com,(494)262-7286x51814,POL-685934,umbrella,2025-07-28,2025-11-03,Soldier try prepare establish product tree radio read trade.,2025-11-04,7945.85,50000,15.89,1,7693.39,1,Rodriguez Group,7481.19,5,Production upon painting cut off expert international these way sell help eight almost.,NONE,FALSE,0.0
CLM-000696,Megan Neal,amanda74@example.net,310-966-7264,POL-873199,umbrella,2023-04-12,2025-10-20,Door often Mrs throughout describe list authority civil offer these body scientist ground.,2025-10-22,11253.04,100000,11.25,2,12240.28,1,"Harper, Murillo and House",12670.38,4,Word worry just address key fall lot operation home attention meeting language hour.,NONE,FALSE,0.0
CLM-000697,Dr. Stephanie Taylor,basskiara@example.org,+1-527-235-7125x67212,POL-813269,home,2024-12-28,2025-11-06,Need game process television give only.,2025-11-09,7701.52,50000,15.4,3,6287.04,2,Young-Thornton,7729.0,6,Future home after oil six take then four make Mrs imagine paper.,NONE,FALSE,0.0
CLM-000698,Dale Kent,nicholsontheresa@example.net,(953)229-8568x4997,POL-844305,umbrella,2024-02-08,2026-02-01,Soon international agent evening help story skin easy knowledge year six run.,2026-02-06,11006.97,50000,22.01,5,11531.05,2,Blair Ltd,11398.75,5,Yeah through exist hold join produce PM summer high mean reflect job themselves trade throughout remain son strategy.,NONE,FALSE,0.0
CLM-000699,James Mason,jmartinez@example.com,001-987-441-4278x53141,POL-168815,auto,2023-08-03,2026-03-03,Debate election occur bank claim day despite thank strong model subject.,2026-03-10,13792.82,100000,13.79,7,14692.02,0,Martinez PLC,12745.27,4,Add recognize but technology catch receive face event memory.,NONE,FALSE,0.0
CLM-000700,Jesse Pope,coxmaria@example.com,576-360-4568,POL-272769,home,2026-02-21,2026-07-15,I standard financial key husband turn standard.,2026-07-18,19206.87,50000,38.41,3,19382.13,3,Walton-Ross,18153.36,4,Staff rest his technology lose hour no call matter scene garden political only financial they unit.,NONE,FALSE,0.0
CLM-000701,Dustin Hanson,lmoreno@example.net,272.875.4422x06185,POL-536770,umbrella,2023-03-26,2024-10-30,Color step level quickly population it rate alone here look figure team it.,2024-11-04,19089.99,50000,38.18,5,20607.96,3,"Johnson, Martin and Delacruz",19166.54,6,Easy create name couple note today drop after bad two song meet protect.,NONE,FALSE,0.0
CLM-000702,Joseph Cooper,iflores@example.net,652-796-1514x3697,POL-166007,auto,2022-12-19,2025-06-28,Religious model fish visit whatever they current maybe Republican become drop.,2025-07-04,13249.0,50000,26.5,6,13786.87,4,Novak-Moses,14486.48,6,It theory prevent data subject Republican offer report season join economy less move cell war hit animal but pass on.,NONE,FALSE,0.0
CLM-000703,Nancy Anderson,tvilla@example.net,962.993.6842x6851,POL-442157,home,2023-03-03,2024-11-29,Its north stuff though any spend about pressure.,2024-12-04,7513.06,100000,7.51,5,7511.23,4,Li-Lawson,8659.35,6,Quickly you fine result put camera across music produce city.,NONE,FALSE,0.0
CLM-000704,Scott Diaz,armstrongcynthia@example.com,001-862-544-6220x1656,POL-927691,home,2025-12-16,2026-07-09,Society own world good miss explain rule himself follow purpose before everybody dog poor.,2026-07-13,6777.56,50000,13.56,4,7026.84,1,Edwards-Wyatt,7084.4,5,Study assume event city center executive father send get maintain hard service second defense term walk middle talk policy.,NONE,FALSE,0.0
CLM-000705,Julie Taylor,adam31@example.org,+1-907-571-8235x327,POL-398196,home,2025-11-27,2026-06-15,Job gas kid ask camera ground water front finally unit explain visit.,2026-06-22,17064.76,50000,34.13,7,16818.84,1,Stout Group,19002.36,5,Black through east describe sign seat camera entire leg anything catch attention arrive politics debate effort take.,NONE,FALSE,0.0
CLM-000706,Jessica Kennedy,william47@example.com,939.312.9903,POL-826515,umbrella,2023-08-28,2025-12-18,Body worry get drug recent guy left turn we soon base school instead.,2025-12-20,19490.92,100000,19.49,2,16490.2,1,"Lopez, Thompson and Whitaker",18225.48,5,Task return foot become about everybody edge hour theory hot face decision civil sing space industry.,NONE,FALSE,0.0
CLM-000707,Michael Hooper,welchsteven@example.org,(276)983-5278,POL-293458,auto,2023-03-21,2024-11-15,Floor lot argue trouble could seek design add onto tonight program deep.,2024-11-20,3403.0,50000,6.81,5,3444.31,5,Peterson Ltd,3386.27,5,Population live land former I necessary building close price white pressure drop ever inside describe contain expert.,NONE,FALSE,0.0
CLM-000708,Valerie Santiago,shawna15@example.com,001-363-951-7573x5185,POL-270495,umbrella,2024-07-09,2025-06-12,Notice hit region not tree impact smile actually size policy shoulder.,2025-06-14,8085.38,100000,8.09,2,6762.99,0,Thornton Group,8258.15,6,Check notice house evening eight cause across civil wife campaign begin enter good truth plant.,NONE,FALSE,0.0
CLM-000709,Martin Hall,rgutierrez@example.org,926-443-0297x0813,POL-435772,auto,2026-04-11,2026-05-15,Opportunity central administration single gun serious find without.,2026-05-22,3762.29,50000,7.52,7,4104.83,4,Obrien and Sons,4487.21,5,Point allow respond purpose want figure hour card employee leave it position option foreign owner TV life value process prevent.,NONE,FALSE,0.0
CLM-000710,Michael Johnson,twagner@example.com,(866)469-4836x0943,POL-403905,umbrella,2024-03-30,2026-03-12,Town administration force often free plan close live continue herself.,2026-03-18,14403.58,50000,28.81,6,12158.42,4,Clark and Sons,16111.31,6,Language sport maintain place fight still include music response represent list area radio level court.,NONE,FALSE,0.0
CLM-000711,Mark Hutchinson,gbutler@example.org,(814)996-1806x862,POL-142027,auto,2024-01-20,2026-01-13,Whom even economy thus effort affect early very service put performance bar whatever.,2026-01-16,14093.79,100000,14.09,3,13604.57,2,"Zimmerman, Butler and Miller",12789.25,7,Event sure window direction pretty than name name building often course light one source.,NONE,FALSE,0.0
CLM-000712,Christina Sheppard,crystalbishop@example.org,722-401-6318,POL-442220,auto,2024-03-12,2025-12-24,Accept check oil hair democratic up.,2025-12-31,5186.93,50000,10.37,7,5147.48,4,Cervantes Group,5487.41,5,Quickly fact above network bag machine contain business organization interview cost street consumer.,NONE,FALSE,0.0
CLM-000713,Ryan Sanchez,utucker@example.com,001-700-501-9176,POL-567096,umbrella,2023-06-04,2025-05-21,Voice sure morning either despite tell travel loss.,2025-05-23,1428.42,100000,1.43,2,1553.1,4,Gentry-Edwards,1454.6,6,Fight peace box with around resource need action lot mouth control almost effort another down yard rest act.,NONE,FALSE,0.0
CLM-000714,Christina Burton,whitejamie@example.org,(400)959-3241x8325,POL-567220,umbrella,2026-02-07,2026-06-06,Civil challenge than this because born job nor rise close.,2026-06-27,15000,50000,30.0,21,11283.14,5,"Lewis, Zamora and Snyder",16836.87,7,Big serious husband measure both item type some score.,inconsistent_narrative,TRUE,0.14
CLM-000715,Kyle White,cookwilliam@example.com,001-726-573-0220x99417,POL-863364,home,2023-05-22,2025-07-06,Executive purpose guess culture part exactly.,2025-07-13,9407.58,50000,18.82,7,10056.03,1,Brown LLC,10824.86,7,Language somebody able else floor natural include majority artist.,NONE,FALSE,0.0
CLM-000716,Jessica Bishop,grossangie@example.net,507.764.4058,POL-650818,home,2025-12-27,2026-04-03,Responsibility account marriage clear cold political word drug rise nature.,2026-04-04,3729.15,50000,7.46,1,4027.28,4,"Johnson, Bradford and Payne",4202.13,3,Candidate guess bed citizen step eight interview crime himself all though others hair.,NONE,FALSE,0.0
CLM-000717,Ernest Jones,rlittle@example.com,817-806-4857,POL-534649,auto,2023-05-29,2025-01-17,Piece become thus size effort argue scene page.,2025-01-18,8779.75,100000,8.78,1,8240.99,4,Walters-Daniels,9891.03,4,Vote my price build artist buy you we ever training.,NONE,FALSE,0.0
CLM-000718,Mr. John Butler Jr.,david96@example.net,6177092176,POL-375436,home,2024-03-18,2026-02-01,Use low way serve always this.,2026-02-14,15000.0,50000,30.0,13,8820.7,5,"Harris, Smith and Padilla",14058.8,5,Whatever figure measure class leave carry television rock arrive true player popular consumer environmental nor.,inflated_loss_value,TRUE,0.18
CLM-000719,Michael Porter,nbernard@example.net,535.870.2409,POL-776106,auto,2025-06-23,2025-08-21,Crime paper more she experience experience career lawyer one discussion reveal.,2025-08-25,4408.07,100000,4.41,4,3684.29,2,Flynn-Reed,4619.28,3,Owner network need product if smile choose eat wind term store tax time.,NONE,FALSE,0.0
CLM-000720,Amy Garcia,rlee@example.org,442-815-6345,POL-693047,home,2024-01-20,2026-07-27,Husband son month information thought crime least exist.,2026-08-01,15165.75,100000,15.17,5,13306.03,5,Cox-Lloyd,15815.03,8,Science this wall data that value base black fund threat enter.,NONE,FALSE,0.0
CLM-000721,Martin Jackson,welchamanda@example.com,(346)338-1512,POL-703207,auto,2024-03-22,2026-09-03,Event make particular top produce explain only there wrong community kid.,2026-09-10,3272.09,100000,3.27,7,2872.44,4,Morris Ltd,3002.32,5,Peace think hear population speech growth take article firm budget happy want away more task lose notice true today any.,NONE,FALSE,0.0
CLM-000722,Kristin Green,whitneyjohnson@example.net,424-664-3786,POL-271241,auto,2025-10-05,2026-08-10,Seat write player TV place actually inside sea.,2026-08-14,17688.03,50000,35.38,4,16066.9,5,Wilson-Johnson,20759.23,5,Phone drug knowledge finally bill speech sometimes somebody million make what pick history across back significant just glass across blue.,NONE,FALSE,0.0
CLM-000723,Nicholas Lee,qwilliams@example.org,(472)389-8683,POL-180558,umbrella,2024-05-24,2025-01-07,Art hospital bag section pay far head sure.,2025-01-08,6507.27,100000,6.51,1,6702.05,1,"Foster, James and Munoz",7349.36,7,Measure end allow article attack be study carry hot politics development major east such true attack woman.,NONE,FALSE,0.0
CLM-000724,Michael Cameron,stephen57@example.net,(937)598-2930x55779,POL-431570,umbrella,2023-07-11,2025-11-06,Kitchen administration find personal American only painting role movement first.,2025-11-13,4175.58,50000,8.35,7,3717.61,5,Roth-Hall,4632.35,5,Window game speak score themselves most should plan people white.,NONE,FALSE,0.0
CLM-000725,Luis Lewis,erica60@example.com,612-310-1842x62264,POL-250698,auto,2025-01-28,2025-07-17,Age size take generation fall maybe work paper doctor if drive church.,2025-07-18,11153.99,50000,22.31,1,10657.09,2,Davidson-Ruiz,12644.64,6,Shake war former statement reveal individual radio guy similar learn difference then edge speech sometimes good turn.,NONE,FALSE,0.0
CLM-000726,Christopher Rivera,robert90@example.org,+1-575-822-7929x49652,POL-328459,auto,2023-07-05,2024-12-31,Effort them wear nor apply art difference military especially join arrive energy.,2025-01-03,18497.24,50000,36.99,3,16024.79,1,Peterson Ltd,21059.7,7,Walk executive increase science like floor student myself attorney year.,NONE,FALSE,0.0
CLM-000727,Karen Thornton,eugene46@example.org,526-620-4085x2063,POL-987168,umbrella,2023-12-18,2026-01-15,Baby money marriage many large miss practice top you throw country.,2026-01-20,14103.4,100000,14.1,5,13614.49,0,Holt Inc,14458.86,3,Bill west at be this his yeah dark stock sound discuss mean health example.,NONE,FALSE,0.0
CLM-000728,Jason Brock,lbrown@example.net,4933137880,POL-602811,home,2024-10-16,2025-09-30,Oil upon magazine with use material.,2025-10-01,16558.05,100000,16.56,1,16679.18,1,Logan-Gibson,18960.82,7,Garden west help ground federal pay around economic while book former team economic group school book.,NONE,FALSE,0.0
CLM-000729,Marcus Andrews,jamie08@example.net,001-223-933-1351x4855,POL-844378,home,2026-05-02,2026-06-30,Century economy it song institution history.,2026-07-05,15508.2,50000,31.02,5,15870.13,0,Love-Flores,14991.89,8,Second father spring local church usually toward information experience worker same.,NONE,FALSE,0.0
CLM-000730,Michael Conley,lwright@example.net,506-995-7252x0235,POL-320034,auto,2024-11-24,2025-03-14,Shoulder claim national Mr most short owner be prove still operation.,2025-03-16,14072.9,50000,28.15,2,13051.79,0,Greer-Howard,12993.8,6,Himself rise person attack religious once finish staff prevent fall.,NONE,FALSE,0.0
CLM-000731,Frank Allen,johnsoncharles@example.com,(642)986-7855,POL-134385,umbrella,2023-10-08,2025-04-15,Skin maybe like maintain reach share.,2025-04-22,9193.7,50000,18.39,7,8991.01,3,Barry LLC,8602.33,5,Later analysis value quickly direction majority serve well tough sea traditional recently arm reality program left.,NONE,FALSE,0.0
CLM-000732,Mark Allen,pwilliams@example.org,(713)440-7992x16457,POL-891203,auto,2024-03-20,2026-06-29,Generation positive response represent project cut by no hundred reach maybe turn.,2026-06-30,2258.7,100000,2.26,1,1890.84,4,Frazier-Henderson,2172.01,4,Minute meet girl sea body foot structure quality ball instead nice old feeling amount dream various.,NONE,FALSE,0.0
CLM-000733,Mark Peterson,lee61@example.org,739.356.3224,POL-203919,umbrella,2022-12-12,2025-03-02,Chance house identify order bank certainly remember tough late school find style.,2025-03-14,6000,50000,12.0,12,4965.28,3,"Wiley, Riley and Tran",6688.46,5,Loss send medical paper impact cup occur upon around class phone employee daughter number store consumer seven sport rule.,short_policy_coverage,TRUE,0.12
CLM-000734,Aaron Martinez,lcampbell@example.net,001-201-776-3191x98637,POL-860583,auto,2022-11-11,2025-07-14,Difficult home information change cover including give like political good.,2025-07-16,18131.55,100000,18.13,2,15669.37,4,Brooks-Oliver,20948.99,6,Coach part finally assume son they study report describe season light adult sell final.,NONE,FALSE,0.0
CLM-000735,Elizabeth Neal,yclark@example.com,(235)561-1882,POL-806242,auto,2025-02-23,2025-09-26,About successful tax pull rest forget program including catch attack friend truth.,2025-09-29,14264.53,50000,28.53,3,14983.79,3,"Baxter, Mckinney and Davis",14652.92,7,Maybe bad machine owner special decide hospital his direction prepare voice field.,NONE,FALSE,0.0
CLM-000736,David Perry,bonnie45@example.org,537.990.2940,POL-429546,auto,2023-08-27,2025-01-15,Despite plan cup score produce choice economy gas suddenly large.,2025-01-17,8743.98,100000,8.74,2,7284.56,1,"Rivera, Hayes and Garcia",9170.2,5,Garden spend stock rule approach idea lawyer article smile call teach huge charge support performance somebody page matter civil rich what.,NONE,FALSE,0.0
CLM-000737,Caroline Smith,murphyjoshua@example.com,876.749.1361x657,POL-186243,home,2023-09-13,2025-03-01,Meet yet where reflect source hit style.,2025-03-07,6477.15,100000,6.48,6,5406.59,2,"Murphy, Adams and Hickman",6717.35,8,Threat whatever none no enjoy single couple system sport.,NONE,FALSE,0.0
CLM-000738,John Lamb,eboyer@example.net,388.765.5009,POL-336845,umbrella,2024-12-12,2026-03-04,Get hundred kitchen could watch nor prepare scientist shake where series series himself.,2026-03-07,14053.88,100000,14.05,3,12468.28,3,Bradshaw PLC,13444.44,3,Beautiful PM air him no force discover alone most movement yet just a cause.,NONE,FALSE,0.0
CLM-000739,Tammy Joseph,hardingeric@example.net,+1-666-676-3720x373,POL-485290,auto,2026-05-18,2026-06-30,Difference time gun low least beyond pick able if tax make expert.,2026-07-07,16246.29,100000,16.25,7,17864.7,3,Chapman Group,17897.38,6,Almost end stand cut during hotel rise accept watch yes establish international near mouth second drop produce sense.,NONE,FALSE,0.0
CLM-000740,Kimberly Brown,markpollard@example.org,001-226-262-5478,POL-225008,auto,2024-07-15,2025-09-22,Foreign appear add bed family business firm skin shoulder actually agent trouble public.,2025-09-26,10930.59,100000,10.93,4,10058.19,4,Hayes PLC,13043.16,8,Visit election kid serve discussion finally many during I occur star player allow page bit blue most watch.,NONE,FALSE,0.0
CLM-000741,Daniel Rodriguez,belldavid@example.net,+1-542-751-1190,POL-455081,auto,2023-09-12,2025-06-12,Feel security official coach officer as consider north perform scene operation rock direction.,2025-06-14,2229.5,100000,2.23,2,2348.13,3,Wright PLC,2088.66,6,Quickly would home involve year hold close road officer floor yet audience dark we finally positive nor.,NONE,FALSE,0.0
CLM-000742,Daniel Murray,elizabeth30@example.net,983-263-2939,POL-903180,umbrella,2024-08-01,2026-04-30,His high member there line give final bag.,2026-05-06,10483.09,100000,10.48,6,9244.95,5,Wilson-Walker,12401.15,5,Back like increase game stop image laugh author carry region.,NONE,FALSE,0.0
CLM-000743,Kristen Taylor,baxterbrian@example.org,275.874.0589x23036,POL-608069,umbrella,2025-07-29,2026-06-09,Major lot organization poor entire others production company food seek let.,2026-06-13,13666.86,100000,13.67,4,11537.73,3,Mclean LLC,12743.13,5,Success live else guy reason finally director ground concern kitchen feel southern question we million certainly task cause information.,NONE,FALSE,0.0
CLM-000744,Tracy Mann,stacy11@example.com,001-967-233-8515x7646,POL-241147,auto,2026-01-07,2026-05-18,Art including tend wrong across part dark same yeah teacher.,2026-05-22,10448.2,100000,10.45,4,10671.16,0,Green LLC,10964.76,3,Concern machine meeting into eat personal second tonight heavy read.,NONE,FALSE,0.0
CLM-000745,Laura Sanchez,devon57@example.org,615-457-8263x88032,POL-260155,home,2024-07-29,2026-05-26,Become body moment public significant resource read training help very when.,2026-05-28,8270.03,100000,8.27,2,8162.27,0,Olson-Cummings,9083.17,7,Well young plan agency range general year light serious sell reason including.,NONE,FALSE,0.0
CLM-000746,Chelsea Martinez DDS,jenniferbean@example.org,001-723-628-0625x39418,POL-407823,umbrella,2023-05-29,2024-11-18,Happy ask much clearly much morning two dream end about.,2024-11-25,10351.56,50000,20.7,7,9803.7,2,Reed and Sons,11000.93,7,Data trip measure issue course property that across worker.,NONE,FALSE,0.0
CLM-000747,Tiffany Ward,simmonslaura@example.net,001-862-713-2508x628,POL-917241,home,2023-04-16,2025-11-06,Factor person fear hit rate model their Mrs decision office.,2025-12-11,5000.0,100000,5.0,35,3079.51,5,Stephens-Thompson,5146.02,5,Social policy house usually professor hotel back dark administration never hold billion citizen hour throughout method add war red if.,short_policy_coverage|inconsistent_narrative,TRUE,0.26
CLM-000748,Rhonda Patton,fcampbell@example.net,363-843-0310,POL-696487,umbrella,2024-06-13,2025-11-27,Dog heart condition seem century ever student fill face able player.,2025-12-03,8392.53,100000,8.39,6,8375.94,5,Gilbert-House,8911.34,6,Charge time goal shake bit ability fine interview already room similar section science so consumer hope.,NONE,FALSE,0.0
CLM-000749,Alan Garcia,cheyenne53@example.net,+1-691-762-4410x6678,POL-158444,home,2023-11-19,2024-09-13,Them determine still training issue argue concern raise check deep modern crime.,2024-09-17,11682.85,50000,23.37,4,11080.1,3,Newton-Boone,12676.85,5,Leave song politics address less commercial middle agency during.,NONE,FALSE,0.0
CLM-000750,Margaret Curry DVM,qwallace@example.net,433-431-7147x95541,POL-129514,umbrella,2025-10-19,2026-01-03,Send often church star conference when too authority skill.,2026-01-10,19577.88,50000,39.16,7,16415.26,2,Williams PLC,19669.17,8,Catch suddenly their natural build spring indicate involve free animal foreign arm say would career.,NONE,FALSE,0.0
CLM-000751,Crystal Burke,briancardenas@example.net,001-625-602-7496x23838,POL-457833,home,2025-11-02,2026-03-11,Serve use win quickly discussion politics.,2026-03-16,1511.1,100000,1.51,5,1402.97,2,Scott-Carlson,1546.73,3,Entire successful no ground modern course world mission policy start explain in early campaign power middle speech four arm stop.,NONE,FALSE,0.0
CLM-000752,Kathleen Rodriguez,huffdavid@example.org,677.621.0907,POL-427260,umbrella,2026-04-01,2026-07-26,Like real nothing reality likely machine edge research ahead.,2026-08-01,5640.35,50000,11.28,6,6052.75,0,"Scott, Foster and Frazier",6546.65,3,Reach trip morning forget value senior long sit out if watch kind despite her around factor think like.,NONE,FALSE,0.0
CLM-000753,Brian Smith,nblack@example.net,+1-325-828-9404x3935,POL-139193,home,2022-12-21,2024-11-23,Carry part remember low kid car.,2024-11-26,4225.81,100000,4.23,3,4475.18,4,Barnes-Roberts,4455.81,6,Very describe scientist interview hundred model least change strong network eat each history environment particular these middle sense detail.,NONE,FALSE,0.0
CLM-000754,Vanessa Allen,derek60@example.net,+1-685-932-9873x4011,POL-627191,umbrella,2024-01-28,2025-02-08,Lay forget road cut thank last leg every open.,2025-02-26,15000.0,100000,15.0,18,11538.67,4,"Williams, Bird and Ellis",15135.0,7,Owner half social with from look late participant behind upon.,inconsistent_narrative,TRUE,0.14
CLM-000755,Danielle Cooper,rebekahmorales@example.net,001-810-680-4175,POL-925386,auto,2023-07-31,2026-01-06,All talk treatment source today me society lead.,2026-01-08,10442.08,100000,10.44,2,11017.44,1,Pham-Byrd,10298.05,3,Well office beyond floor leg discuss easy shake budget enough teacher keep new research last tree wait.,NONE,FALSE,0.0
CLM-000756,Melissa Dunn,trandouglas@example.net,627-389-8852,POL-336858,umbrella,2023-04-19,2025-06-17,These ago morning beyond receive quality night friend happy let dinner relationship everything.,2025-06-20,19928.33,50000,39.86,3,21669.71,5,Nolan-Harris,22982.47,3,Fly not wife against start itself performance eight natural two believe see able arrive safe already know improve chance.,NONE,FALSE,0.0
CLM-000757,Amber Henderson DVM,wallacevictoria@example.com,(696)482-2885,POL-940104,umbrella,2024-10-28,2026-03-28,Under sea else open magazine state out to hear someone politics.,2026-04-02,7399.92,50000,14.8,5,6868.1,2,"Castillo, Lee and Jenkins",8426.26,8,Station focus every run hand top left night without project risk western machine at art red could only receive great research.,NONE,FALSE,0.0
CLM-000758,Robert Stevens,james60@example.net,874-230-4025,POL-837496,umbrella,2022-04-20,2024-10-19,Family cut between radio suggest let.,2024-12-11,12000.0,50000,24.0,53,9146.88,5,Castillo Inc,11566.63,8,Book choose language year same light keep defense whatever act them seven condition recent church result true.,suspicious_repair_quotes,TRUE,0.11
CLM-000759,Joshua Garcia,imurray@example.org,602.854.3163x915,POL-985126,home,2024-10-31,2026-01-24,Though call industry step himself level through citizen president.,2026-02-11,16000,100000,16.0,18,11500.93,2,"Harris, Oliver and Myers",17442.85,7,Floor somebody go production continue travel down ahead perhaps wrong.,missing_documentation,TRUE,0.1
CLM-000760,Brittney Townsend,ochoajennifer@example.com,866.654.0532x421,POL-368903,umbrella,2023-05-18,2025-02-21,Friend red war may its available nearly activity.,2025-02-24,16650.5,100000,16.65,3,14499.9,1,"Preston, Allen and Rasmussen",15552.69,4,Well laugh cost difference simply kitchen newspaper very president.,NONE,FALSE,0.0
CLM-000761,Ronnie Anderson,stewartanthony@example.org,001-955-670-5295x0868,POL-586706,home,2023-10-23,2025-06-17,Begin significant gas purpose old surface recognize operation pretty.,2025-06-18,5666.15,100000,5.67,1,6217.96,3,Hoffman-Carlson,6199.2,3,East issue alone possible friend generation hand lot seven onto sense reason guy tend customer there.,NONE,FALSE,0.0
CLM-000762,Austin Krause,rlang@example.com,680-819-7621x34616,POL-370948,home,2023-04-07,2025-03-11,Floor voice source it friend character.,2025-03-13,4027.81,50000,8.06,2,3887.69,5,Anderson Ltd,4655.17,8,Total similar although put believe writer blue month board old kind past movement.,NONE,FALSE,0.0
CLM-000763,Lindsay Ponce,john48@example.net,001-212-768-1793x00805,POL-188006,home,2023-01-03,2024-10-10,Among building administration describe Republican agent yes need scientist reason throw fund.,2024-10-14,15862.44,50000,31.72,4,14107.96,0,"Walker, Krueger and Holmes",18561.79,6,Special option also continue black door attention in increase field against case player claim what fact involve.,NONE,FALSE,0.0
CLM-000764,David Wagner,janiceramsey@example.com,001-683-762-0749,POL-516174,umbrella,2023-02-22,2025-08-02,Avoid common above official a difference rich employee item individual rather many top.,2025-08-05,13761.77,100000,13.76,3,11589.72,0,Blake Group,14742.87,7,Make team mention benefit age woman perhaps support field until now send fact beyond establish.,NONE,FALSE,0.0
CLM-000765,Shawn Mccarthy,james22@example.org,4728487641,POL-912767,umbrella,2023-12-25,2024-10-07,Throughout prove notice spring usually guy edge.,2024-10-08,10917.19,100000,10.92,1,10359.71,0,"Sanders, Gordon and Smith",10605.21,3,Talk customer early this already despite even spring evidence cell police middle good nation member.,NONE,FALSE,0.0
CLM-000766,Logan Watson,gregorybeck@example.net,(527)662-2368x31275,POL-712710,umbrella,2024-09-10,2025-11-13,Mother party parent sell general fund wrong.,2025-11-20,16327.06,50000,32.65,7,17008.76,5,"Nicholson, Maxwell and Johnson",15850.01,6,Thus adult team market question ago candidate fast test adult see.,NONE,FALSE,0.0
CLM-000767,Debra Walker,elizabeth41@example.net,239-810-3231x8667,POL-387883,home,2024-10-13,2026-01-04,Policy where either lot play seem Republican best product article ability.,2026-01-06,3741.28,50000,7.48,2,3278.45,4,Hicks and Sons,3429.92,7,Suffer community adult be national light little per generation develop term section executive card deep difficult pattern.,NONE,FALSE,0.0
CLM-000768,Stephen Vasquez,dcarrillo@example.com,357-650-2188x521,POL-672255,home,2023-07-18,2024-12-15,Finally yet dinner her most old how she major strategy their computer.,2024-12-18,14292.74,50000,28.59,3,14361.65,2,Chang Ltd,16634.32,4,Left too personal this sign east professional social find sell argue himself reduce reveal.,NONE,FALSE,0.0
CLM-000769,Kelsey Allen,hernandezteresa@example.com,861-567-9467x7818,POL-423141,auto,2023-04-16,2025-03-06,Second bad different off peace fact PM within one region ask.,2025-03-09,10029.21,50000,20.06,3,10932.26,4,"Castro, Goodman and Thompson",9131.02,8,Forward piece beautiful exactly degree maintain institution husband cultural trip on third good she none performance management let beat long phone.,NONE,FALSE,0.0
CLM-000770,Brandy Williams,johnsonanthony@example.net,928-766-9062x515,POL-927119,umbrella,2024-03-30,2024-12-30,Future effect old senior amount record knowledge plan six yard add memory ability.,2025-01-05,16179.89,50000,32.36,6,14171.88,3,Welch-Gomez,16063.08,8,Too evening probably low pull political theory result operation hour glass process people staff cup and yes boy.,NONE,FALSE,0.0
CLM-000771,Patrick Brown,michellescott@example.org,936-775-7777x34265,POL-660894,auto,2022-06-14,2024-12-08,Deal attorney federal positive join begin.,2024-12-11,18159.98,100000,18.16,3,16938.19,0,Ruiz Group,21300.51,6,Picture rate consumer member western include wait yard others loss.,NONE,FALSE,0.0
CLM-000772,Stephen Krause,rwall@example.com,(817)512-4356,POL-893423,auto,2024-04-21,2025-03-21,Design give culture us suggest of.,2025-03-24,6716.87,100000,6.72,3,5797.44,1,"Thomas, Cox and Patel",7890.76,8,Majority floor action wide service second product compare read present father leave history water indeed question.,NONE,FALSE,0.0
CLM-000773,James Green,dianasantiago@example.org,596-227-5644,POL-526024,auto,2025-09-20,2026-07-27,Five picture student hotel yeah design admit present cut certain understand society approach.,2026-07-30,17709.88,100000,17.71,3,18771.29,3,"Jones, Green and Griffin",18441.78,6,Thank whole special suggest area feel travel blue daughter pressure share throughout crime usually role security year.,NONE,FALSE,0.0
CLM-000774,Holly Moore,kathylarson@example.net,001-286-977-7055x4899,POL-960085,auto,2023-07-24,2025-12-14,Worry really turn his she us for.,2025-12-21,7321.72,50000,14.64,7,6209.57,2,"Dunn, Dickson and Everett",7701.72,5,Anyone camera easy simply stay deep campaign meeting crime.,NONE,FALSE,0.0
CLM-000775,Christopher Wright,charles77@example.org,001-329-918-4251x956,POL-873624,home,2024-12-20,2026-04-28,Project trade from outside choice realize gun can national news property.,2026-05-02,12440.2,100000,12.44,4,12546.73,0,Lee-Bowers,13589.82,4,Should natural thank concern up something ground century take money marriage.,NONE,FALSE,0.0
CLM-000776,Heather Whitehead,kevans@example.com,247.346.4550x72831,POL-103225,home,2024-10-18,2025-06-09,We rise any national various lose idea financial very go agent quality myself.,2025-06-15,9424.69,100000,9.42,6,9316.2,2,"Smith, Moreno and Rodriguez",10110.27,3,Toward new quite inside organization sound employee matter bag deep most sign nature interview create himself plant home form.,NONE,FALSE,0.0
CLM-000777,Robert Ramos,mdickson@example.com,001-722-262-8191,POL-281905,umbrella,2024-10-26,2026-07-25,Despite face near police each would anyone white.,2026-08-05,25000.0,100000,25.0,11,14740.03,4,Burke Inc,23989.98,7,Traditional about list seem ago long training nor clearly away green onto late with important.,missing_documentation,TRUE,0.1
CLM-000778,Natalie Stewart,obrienchristopher@example.com,636.765.3978x8587,POL-975224,umbrella,2024-01-05,2024-09-20,Laugh each son partner education energy when reveal usually ask.,2024-09-23,4455.9,100000,4.46,3,3592.44,0,Sanchez-Cunningham,5244.3,8,Fund economy live everyone just citizen center medical middle know himself spring.,NONE,FALSE,0.0
CLM-000779,Angela Kelley,frivera@example.net,+1-783-322-9000x59054,POL-584887,auto,2025-06-12,2026-04-06,Discover focus hair allow role attack difference field continue impact teacher.,2026-04-11,12905.92,100000,12.91,5,13039.86,1,"Kane, Garcia and Taylor",11808.08,7,Doctor visit travel simple several from dark theory crime require partner line usually start provide after how specific mean room.,NONE,FALSE,0.0
CLM-000780,Aaron Henry,ugallagher@example.net,588.527.3763x0977,POL-485792,auto,2022-03-12,2024-12-05,Suffer in notice price yet me for friend action these area.,2024-12-09,12407.46,50000,24.81,4,12037.38,0,"Carter, Ferrell and Stanley",13841.45,6,Region over church particular win writer significant agree bank upon partner represent ready challenge green large citizen.,NONE,FALSE,0.0
CLM-000781,Gary Torres,rojasronald@example.org,677-753-9872,POL-997935,auto,2023-07-04,2025-04-08,Bed these skill suggest leave alone media may according forget firm customer nearly.,2025-05-28,14000,100000,14.0,50,10531.54,4,Diaz Ltd,15652.17,4,Full phone center miss that watch almost law recently agency bank couple animal paper large ask.,multiple_claims,TRUE,0.15
CLM-000782,James Allen,lharrington@example.com,953.379.8214x92413,POL-130170,home,2024-02-17,2024-12-11,Drop that international court along whatever head democratic impact end TV daughter.,2024-12-15,4427.03,100000,4.43,4,3854.37,3,Osborne-Hines,5189.36,5,Interest class movie international project animal human lose yet glass green.,NONE,FALSE,0.0
CLM-000783,Nicole Murphy,cochranlucas@example.net,001-377-225-0402x58988,POL-110821,home,2025-10-21,2026-04-05,Music floor foot language deep machine factor growth line chance money check wait administration.,2026-04-10,14001.07,50000,28.0,5,14861.2,5,Miller-Brown,14270.82,4,Same view field each image add provide into quite boy gas happen him join discuss expect relate.,NONE,FALSE,0.0
CLM-000784,Amanda Williams,matthew40@example.net,+1-292-827-0699,POL-726205,home,2025-04-14,2025-07-27,Parent film drop join give receive time station watch.,2025-08-02,8286.41,50000,16.57,6,6865.99,0,"Perez, Rios and Clark",7587.32,4,Idea maintain that fight foot member season machine model determine glass site significant.,NONE,FALSE,0.0
CLM-000785,Debbie Lucas,pmorales@example.net,+1-800-904-5398x048,POL-803375,umbrella,2024-05-12,2026-06-07,Close first feeling reach heavy school anything often war decision marriage add operation why.,2026-06-11,18256.3,100000,18.26,4,18703.08,0,Montes-Chung,16460.03,7,Bill throw discover phone family owner quickly near half big education end impact yet hard discuss choice glass instead.,NONE,FALSE,0.0
CLM-000786,Jonathan Foster,kristinraymond@example.net,(979)347-4508x098,POL-803869,home,2024-06-29,2024-12-11,Tough present become front many usually already everyone him want bar.,2024-12-16,8237.82,100000,8.24,5,8982.66,4,West-Mosley,7515.67,4,Already enter she have involve exist general process science century total increase other rock hard.,NONE,FALSE,0.0
CLM-000787,Laura Stephenson,sarahmeyers@example.net,5495876209,POL-455652,home,2024-05-30,2024-11-11,East hot foot close together stage prove able soon example put.,2024-11-14,4227.46,50000,8.45,3,3495.66,5,Kim-Kirk,4477.42,4,About color really couple course choice good history news century war rest story debate.,NONE,FALSE,0.0
CLM-000788,Michael Cooper,johnstonmichael@example.org,+1-452-275-0568x8084,POL-234082,home,2022-09-05,2025-03-15,Choose author hospital day allow professional prevent deep morning black situation.,2025-03-18,3220.0,50000,6.44,3,3516.28,2,Russell and Sons,3620.4,6,Easy choice important large trouble involve fact think from media meet buy play fall his wide policy.,NONE,FALSE,0.0
CLM-000789,Michael Cantrell,joseph93@example.org,667.257.2668,POL-969887,home,2024-01-28,2025-08-09,Discover power today position decide cost course however top represent.,2025-08-12,18153.06,50000,36.31,3,16227.08,1,Sawyer Group,18056.17,6,Others game few trip never move country big five win walk road mention black idea music activity.,NONE,FALSE,0.0
CLM-000790,Anthony Wilson,vincentcopeland@example.net,+1-753-911-5439x781,POL-789354,umbrella,2022-11-14,2025-03-10,Employee beautiful fish sound again help international matter suffer.,2025-03-17,19050.96,100000,19.05,7,17755.44,1,Baldwin LLC,17995.27,4,Face also center tree president special financial weight need painting.,NONE,FALSE,0.0
CLM-000791,Gabrielle Little,mistyenglish@example.net,635-206-2108,POL-840255,home,2023-09-04,2024-12-23,Follow lose party old type adult.,2024-12-25,1681.38,50000,3.36,2,1403.63,3,Fletcher PLC,1533.82,5,Also your local government test institution how usually anyone mouth.,NONE,FALSE,0.0
CLM-000792,James Conrad,danielwilliams@example.org,430.287.1439x0390,POL-217955,umbrella,2023-01-07,2025-07-12,Game so professor computer someone lot.,2025-07-18,11656.24,50000,23.31,6,9842.72,2,"Thompson, Pearson and Mitchell",10817.85,5,Message for president perhaps respond successful pattern as collection direction bring form company other.,NONE,FALSE,0.0
CLM-000793,Kenneth Lambert,tamaramurphy@example.org,549-338-4754,POL-962529,home,2024-09-06,2026-05-05,Mr skin guess environmental national arm sport story off say especially investment.,2026-05-07,16864.12,100000,16.86,2,17998.54,4,Jenkins-George,16252.27,3,Drug success growth police half admit story from during manage although themselves matter let all ok rule break.,NONE,FALSE,0.0
CLM-000794,Shawn Leon,victoria80@example.com,233.315.6964,POL-180567,auto,2024-01-14,2026-04-09,Bar if before peace customer TV.,2026-04-14,15570.1,50000,31.14,5,14782.77,0,Murphy Inc,18158.01,3,Coach company will approach note back hold everybody set human view discuss here fall tough well couple.,NONE,FALSE,0.0
CLM-000795,Michael Martinez,leslie40@example.com,001-519-795-0819x00567,POL-513316,home,2022-12-20,2024-09-14,Sort young half hard line it gun enough.,2024-09-17,13944.93,100000,13.94,3,15043.02,0,Pearson Inc,16051.91,4,Relate south win situation heavy yes approach increase score against far.,NONE,FALSE,0.0
CLM-000796,Stephen Alexander,christopher49@example.org,(771)475-3227x997,POL-791577,home,2023-09-03,2025-01-09,World firm let tree person travel under organization research husband rock.,2025-01-10,2540.2,100000,2.54,1,2511.01,2,Garcia Inc,2739.0,3,Tend box at class enjoy church reduce may yes thought whom keep avoid pull data.,NONE,FALSE,0.0
CLM-000797,Stephanie Dyer,christopher06@example.com,+1-354-350-8570x340,POL-575111,home,2022-02-06,2024-11-02,Idea trade left hit deal theory box public later mother tax professor.,2024-11-05,19425.64,100000,19.43,3,19803.73,5,"Welch, Santos and Gibson",22768.08,7,Visit who like herself western instead activity as as.,NONE,FALSE,0.0
CLM-000798,Nancy Stewart,kimberlysharp@example.net,382.341.1643x424,POL-774909,home,2025-04-03,2026-03-29,These list there probably wall certain travel month camera.,2026-03-31,5015.97,50000,10.03,2,5213.82,5,Newman LLC,4620.8,7,Score someone institution memory hundred difference southern walk speak best reduce.,NONE,FALSE,0.0
CLM-000799,Thomas Henderson,dylan74@example.com,753-631-6495x060,POL-351742,home,2025-08-02,2025-12-01,Benefit think live yourself president use politics.,2025-12-05,2758.47,50000,5.52,4,2223.75,1,Davidson-Newton,2617.46,6,Plan series activity many out range police movement office range fly security apply.,NONE,FALSE,0.0
CLM-000800,Crystal Smith,dominguezmarcus@example.com,+1-847-947-3343x5973,POL-261621,auto,2024-11-20,2025-10-21,Behind interview sign choose week student.,2025-10-24,13296.19,100000,13.3,3,12594.86,3,Wade Ltd,14901.93,5,Someone floor effect about nor listen bar section million perform news recent environmental adult per college again right.,NONE,FALSE,0.0
CLM-000801,Kyle Webb,wayneschmidt@example.com,001-826-368-0639x9241,POL-200780,home,2024-06-27,2026-01-02,Others technology along ready rich together stop.,2026-01-08,12466.76,50000,24.93,6,10720.93,3,Thompson-Freeman,14531.55,6,Ago with you seat approach maybe cut several change property brother view forward cause never sing thing decide western control.,NONE,FALSE,0.0
CLM-000802,Mr. Roger Erickson II,sherri61@example.com,(971)541-3427,POL-893237,home,2023-02-12,2025-06-21,Cut practice discussion majority effort traditional big.,2025-06-24,11698.08,50000,23.4,3,10650.76,1,Bowen-Smith,12051.73,6,Continue keep draw loss born power lay pay pattern century anyone teacher forget.,NONE,FALSE,0.0
CLM-000803,Sarah Rivera,boyerautumn@example.com,001-987-779-9364x273,POL-586041,umbrella,2025-02-11,2025-10-28,Chance minute phone institution race toward camera chance dream billion process.,2025-10-29,1768.32,50000,3.54,1,1758.21,5,"Jones, Rios and Williams",1673.75,6,Little could watch put concern employee window everything moment.,NONE,FALSE,0.0
CLM-000804,Nicholas Garcia,donalddaniel@example.org,220.687.3857,POL-404824,home,2024-12-08,2026-03-30,Once street eat activity money government there when.,2026-04-04,12961.63,100000,12.96,5,10677.21,3,Castillo and Sons,12833.54,4,Different would interest watch network cell power middle pay special decide.,NONE,FALSE,0.0
CLM-000805,David Schaefer,joseph98@example.net,001-938-203-7473x81133,POL-648501,home,2023-12-01,2024-10-28,Offer how fill hand final keep major worker administration.,2024-11-03,18155.17,100000,18.16,6,17620.69,4,Hull LLC,16756.49,3,Million take true necessary big buy memory property specific north second military focus south carry treat exactly loss.,NONE,FALSE,0.0
CLM-000806,Tonya Robertson,jeffrey15@example.com,001-841-553-3070x66670,POL-199074,home,2024-09-15,2026-08-22,Bed of would responsibility recent your writer opportunity.,2026-08-27,3045.01,50000,6.09,5,3094.01,2,Manning-Johnson,3065.22,7,Majority risk subject eight arm maintain performance win across way magazine piece deep.,NONE,FALSE,0.0
CLM-000807,Lauren Koch,mitchellsamantha@example.net,(607)421-6247,POL-876487,umbrella,2024-02-21,2025-07-08,It establish long challenge these TV art interesting foreign.,2025-07-09,15604.29,50000,31.21,1,13323.97,1,Johnston PLC,17989.76,3,Friend through his trip kid player can sport worry.,NONE,FALSE,0.0
CLM-000808,Amanda Reed,boonelee@example.net,308-919-9684x45657,POL-429196,umbrella,2024-05-23,2026-07-03,Family control wide employee unit player tough wind TV.,2026-07-04,8908.78,100000,8.91,1,8343.07,5,"Wade, Barnes and Salinas",9220.45,5,Act skin any role position sometimes over others drug under agency difference election physical.,NONE,FALSE,0.0
CLM-000809,Oscar Ryan,bmccoy@example.net,244-265-4840,POL-296284,auto,2024-09-11,2025-04-18,Threat also fall include support edge.,2025-04-21,19367.67,100000,19.37,3,15948.62,4,Cruz-Conner,18937.62,8,Rule movement key color image example time ok center example interesting first instead bar.,NONE,FALSE,0.0
CLM-000810,John Rivera,daviswilliam@example.org,+1-616-552-5081x59590,POL-514118,auto,2024-12-15,2025-01-27,Full again test upon audience market author.,2025-01-28,9242.18,50000,18.48,1,7869.91,3,Sutton-Castillo,9593.83,6,Task wife product there stand strategy big always while director statement red business learn line class film heart.,NONE,FALSE,0.0
CLM-000811,Eduardo James,wcampbell@example.net,492.644.1832x81137,POL-861173,home,2024-08-02,2025-07-08,Should value other report sit leader response without begin.,2025-07-15,13496.62,100000,13.5,7,13301.59,4,Sexton-Evans,13607.54,8,Travel offer figure threat off finally fund set name today doctor wife oil popular eye scientist song management adult.,NONE,FALSE,0.0
CLM-000812,Karen Wade,qbarnes@example.net,937.380.5342x5191,POL-191892,auto,2026-02-22,2026-08-09,Camera Mrs land kid southern it reason hundred arm particular open.,2026-08-15,13826.94,100000,13.83,6,11119.11,0,"Lopez, Diaz and James",15828.95,8,Call officer possible decision large ten many up administration soldier inside tax five.,NONE,FALSE,0.0
CLM-000813,Sarah Graham,lauragross@example.net,+1-967-204-4777x14057,POL-780130,auto,2023-01-08,2024-12-03,Wide you seek recent growth while eight.,2024-12-05,17321.23,50000,34.64,2,15113.36,5,Johnson-Rivas,20048.58,7,Reality there fly speech car hope picture make wear environment second especially from front protect list walk vote pull decision.,NONE,FALSE,0.0
CLM-000814,Valerie Smith,anthony95@example.org,001-907-227-7282x76958,POL-255362,home,2025-01-30,2026-05-07,Ok evening voice citizen thing work stage age important interest particular all player.,2026-05-09,2635.78,100000,2.64,2,2125.88,1,Graham-Golden,3085.77,8,Must political show while sound experience reality animal whether owner huge bill great.,NONE,FALSE,0.0
CLM-000815,Julie Fox,joshuarodriguez@example.com,001-219-916-3695,POL-120581,home,2023-12-04,2025-08-24,Gas compare already hold available interview live artist.,2025-08-30,9460.05,50000,18.92,6,8256.63,2,"Hicks, Clark and Mendoza",10130.1,6,Again as democratic sure film say adult decade side.,NONE,FALSE,0.0
CLM-000816,William Andrews,katherineramirez@example.com,380-316-9599,POL-988803,umbrella,2023-12-31,2025-04-16,Occur feel too always attention blood choose left.,2025-04-17,7343.15,50000,14.69,1,8032.28,3,"Bullock, Baker and Melendez",8232.58,7,Give with president agree country discover sport see arrive happen weight worker quite position effect describe water face country put.,NONE,FALSE,0.0
CLM-000817,Scott Reese,olivia88@example.com,(937)473-4850x3027,POL-611177,home,2024-09-09,2026-02-18,Yet offer sport husband group we form.,2026-02-24,11531.79,50000,23.06,6,11001.41,5,Moore Group,12494.1,8,Paper everyone success plant push reflect early letter house next leave religious operation drive member program notice environmental organization soon.,NONE,FALSE,0.0
CLM-000818,Jessica Hunter,yscott@example.net,(791)404-0762x9696,POL-163653,umbrella,2026-04-08,2026-05-27,Beyond first determine program anyone adult after back time.,2026-06-03,17485.05,50000,34.97,7,16201.67,2,Shaffer-Knight,18638.66,5,Organization source economic read lead write conference hair more between per.,NONE,FALSE,0.0
CLM-000819,Alvin Aguilar,jason11@example.org,558-945-6731,POL-618823,umbrella,2022-06-03,2025-02-18,Reason rich respond would realize every.,2025-02-24,8925.61,50000,17.85,6,8870.75,3,Davis Group,9900.77,3,Increase agree matter do continue billion value your sure knowledge law door other specific probably.,NONE,FALSE,0.0
CLM-000820,Abigail Guerrero,ariel62@example.org,+1-592-824-0061,POL-460550,home,2024-02-15,2024-11-08,Establish realize international idea commercial practice talk wish establish game.,2024-11-10,6472.2,50000,12.94,2,6163.42,4,"Williams, Hill and Ruiz",7590.09,5,Stop represent all skill whatever fund bar firm drug audience.,NONE,FALSE,0.0
CLM-000821,Lisa Pruitt,jbrown@example.com,(793)847-7966x0548,POL-591223,auto,2022-05-11,2024-11-30,First glass study college finally ten serious.,2024-12-05,17215.62,100000,17.22,5,15287.78,5,Garza-Baker,17510.2,6,Increase body rock man table they school city since body break no still best area who again away.,NONE,FALSE,0.0
CLM-000822,Erin Lozano,hawkinsrichard@example.net,+1-665-404-4414,POL-477755,home,2023-05-14,2025-09-08,Win end certain identify social affect much record summer ask standard dinner protect.,2025-09-15,18882.74,100000,18.88,7,20606.4,1,"Perry, Wise and Thompson",20517.09,5,Edge pay yes amount central artist rise professor bring change trade accept wish process bad president analysis movement.,NONE,FALSE,0.0
CLM-000823,Ian Kennedy,caitlinsantos@example.com,(861)205-4171x5007,POL-235367,auto,2025-11-08,2026-06-30,Reach that girl which report Mr accept.,2026-07-06,15235.83,100000,15.24,6,12903.14,3,Gaines-Spencer,14173.45,6,Medical wind guy join morning into low sometimes item maintain read page.,NONE,FALSE,0.0
CLM-000824,Kristen Hall,greenalex@example.net,001-921-552-7259,POL-149334,auto,2023-12-03,2025-01-03,Institution stock treatment exactly read time question bill.,2025-01-07,6769.39,50000,13.54,4,7204.47,2,"Townsend, Reed and Silva",7467.17,4,Space read physical significant opportunity suggest writer much bed provide close sense something article.,NONE,FALSE,0.0
CLM-000825,Adrian Hansen,hernandeztravis@example.net,5167206370,POL-907503,umbrella,2024-04-17,2025-02-14,People those performance fish hot together send itself including work.,2025-04-08,15000,100000,15.0,53,8631.65,2,Liu-Donaldson,16678.82,8,Teacher type second history would car growth wonder heart major unit speak peace concern their growth source yes trial.,short_policy_coverage,TRUE,0.12
CLM-000826,Lonnie Hansen,pweiss@example.net,618.634.1000x6658,POL-315363,home,2024-12-11,2025-06-19,Surface sense so discuss agree accept issue different speech.,2025-08-10,22000,50000,44.0,52,13439.14,5,"Klein, Smith and Ferguson",24828.97,8,Market although every television raise like perhaps accept executive third within player water section start around like call pressure officer civil.,multiple_claims|inconsistent_narrative|delayed_reporting,TRUE,0.41
CLM-000827,Brian Lopez,florescrystal@example.org,298-657-5473,POL-481405,home,2023-03-23,2025-08-07,Machine agency civil clearly for able clearly fire.,2025-08-13,17539.36,50000,35.08,6,14756.42,1,Smith Ltd,18095.93,6,While guess floor have argue country church life begin just member.,NONE,FALSE,0.0
CLM-000828,Mrs. Michelle Martinez,wileycynthia@example.org,305.714.1200x74045,POL-890109,umbrella,2024-10-09,2026-01-13,Oil trial defense soon child imagine person six him occur true.,2026-03-04,10000,100000,10.0,50,5979.68,3,West-Dixon,11405.31,7,Data note character hard surface owner heart anything include in animal ball feeling spend but local particular father beautiful population.,inflated_loss_value,TRUE,0.18
CLM-000829,Latoya English,mlane@example.com,336-753-1459x4568,POL-641228,umbrella,2024-08-31,2025-10-05,Senior on yeah trouble high discussion.,2025-10-09,18063.24,100000,18.06,4,19564.69,3,"Hickman, Rodriguez and West",17045.83,3,Often theory sit dream purpose another cup example special decision spend reality modern serve billion now about certain agree.,NONE,FALSE,0.0
CLM-000830,Kathleen Green,osbornejohn@example.net,(966)884-7072x60275,POL-188896,home,2025-03-06,2026-02-21,Dark me ground wife magazine morning successful simple wish chair couple.,2026-02-27,16318.69,100000,16.32,6,15021.28,1,Elliott Inc,16811.87,6,Participant year my far matter piece level between realize how.,NONE,FALSE,0.0
CLM-000831,Mary Walter,zfranco@example.com,328.416.8960x06688,POL-258284,umbrella,2024-08-27,2024-11-24,Onto find tend hard name entire follow up institution simply quality others.,2024-12-01,1704.78,100000,1.7,7,1863.87,5,Welch Inc,1942.97,7,Participant lead page across but newspaper most enough right pay trial generation rise either most lay of want sometimes even.,NONE,FALSE,0.0
CLM-000832,David Mccullough,amber72@example.com,8216318066,POL-834831,umbrella,2024-01-19,2026-07-31,Floor policy this live raise development.,2026-08-03,8966.8,100000,8.97,3,7992.08,5,Schmidt Ltd,8913.97,5,Across reflect knowledge common wish simply relationship subject keep camera same themselves month age year bag skill floor music.,NONE,FALSE,0.0
CLM-000833,Nicholas Gonzalez,campbellgary@example.org,956.424.7994x4331,POL-740051,auto,2023-12-02,2025-12-18,Difficult southern goal tell local itself allow final add treat minute.,2025-12-19,16713.07,100000,16.71,1,15395.77,5,"Sexton, King and Smith",16070.29,7,Forward large image history bring pass magazine production successful garden by.,NONE,FALSE,0.0
CLM-000834,Elizabeth Baker,lmorales@example.net,(699)207-2267,POL-831351,home,2023-12-06,2026-07-01,Program between writer employee direction clear response until news provide moment.,2026-07-06,15978.49,100000,15.98,5,16674.34,5,Jensen and Sons,16319.66,4,Project paper hope choice positive education power science cost include issue beautiful dinner husband market political appear trial customer.,NONE,FALSE,0.0
CLM-000835,Eric Ingram,robertcastillo@example.net,(806)300-1266x460,POL-508937,umbrella,2023-11-24,2025-12-29,Painting already trade base another blood hot strong or.,2026-01-01,2601.34,100000,2.6,3,2658.61,1,Parker-Bender,2747.38,7,Although benefit those thank take candidate same make fear service real source above.,NONE,FALSE,0.0
CLM-000836,Miguel Morgan,mparks@example.org,832.316.6569x1070,POL-427420,umbrella,2024-12-12,2025-12-25,Sport behavior protect education police group wear.,2025-12-28,5060.96,100000,5.06,3,5198.18,1,Nelson-Hernandez,4590.42,7,Yes traditional either financial offer fill provide full truth purpose trip article floor court material make sure.,NONE,FALSE,0.0
CLM-000837,Alexis Romero DDS,james88@example.net,755.498.7592x0415,POL-418706,umbrella,2023-08-02,2024-11-06,Scene subject clearly direction south between type event discuss travel early whom.,2024-11-11,5915.11,100000,5.92,5,6483.47,0,Morrison Group,6622.53,5,Relate far simple dinner simply window or finally quickly moment we trip really rule there approach young.,NONE,FALSE,0.0
CLM-000838,Beverly Fields,nball@example.com,(383)241-9067,POL-150051,umbrella,2023-10-08,2026-06-27,Others kind factor worker party close.,2026-06-30,12912.8,50000,25.83,3,10813.5,2,"Wright, Gray and Green",13839.04,3,Campaign call green give page wide anyone turn short exist option.,NONE,FALSE,0.0
CLM-000839,Julie Berry,wardmelinda@example.net,001-643-245-6512x3434,POL-881984,umbrella,2023-01-10,2024-09-10,Reality method after table describe vote dream forget possible draw usually.,2024-09-14,7440.63,50000,14.88,4,7547.73,5,"Brady, Rios and Adams",8182.13,7,People score decide real strategy choose clear PM some consumer final charge will memory floor.,NONE,FALSE,0.0
CLM-000840,Juan Silva DDS,dwilliams@example.com,5704950626,POL-922911,umbrella,2023-07-12,2025-03-19,Identify use research them theory dark into laugh about shoulder paper.,2025-03-21,7656.41,50000,15.31,2,7669.66,5,Scott Group,7758.24,8,Loss perform social summer drop page military manager forget.,NONE,FALSE,0.0
CLM-000841,Lisa Howell,paultrujillo@example.net,454-841-9838x5792,POL-301908,home,2024-09-25,2026-02-02,Score adult information truth bit owner officer.,2026-02-04,2999.31,100000,3.0,2,2487.62,5,Olson LLC,3082.41,6,System myself scientist management better poor same cover daughter wish land wait direction society defense federal manager.,NONE,FALSE,0.0
CLM-000842,Lisa Henderson,villarrealnoah@example.net,8216000278,POL-236381,home,2025-10-20,2026-06-26,Side ground staff miss trip than less shoulder go PM walk dinner today.,2026-06-27,2752.72,50000,5.51,1,2570.63,2,Baxter Group,3036.38,6,Believe record former democratic many today worry decade room life offer stock.,NONE,FALSE,0.0
CLM-000843,Tina Mitchell,lhampton@example.com,297.953.1152x43872,POL-376502,umbrella,2023-07-19,2025-01-09,Land cover best technology feel pressure environment situation boy relationship.,2025-01-14,11620.4,100000,11.62,5,11515.1,3,Keller-Stewart,12860.36,6,Will service prepare compare enjoy dark everyone whole way respond center manage wait avoid great table direction player month.,NONE,FALSE,0.0
CLM-000844,Frank Rodriguez,michaellucas@example.org,7313867207,POL-251357,umbrella,2024-04-06,2024-09-13,Everyone score increase week baby impact I learn heavy.,2024-09-19,19492.18,100000,19.49,6,18428.48,3,Schmitt Ltd,18299.56,8,Area establish evening ability ball would hot head law reason left information politics show up.,NONE,FALSE,0.0
CLM-000845,Corey Taylor,tcastillo@example.org,001-605-806-8590x23309,POL-322971,home,2024-01-04,2025-06-01,Bring reflect PM tell study study week free.,2025-06-06,17402.16,50000,34.8,5,14091.96,1,Robinson-Conley,20590.6,5,Focus simply them close others week remember audience through.,NONE,FALSE,0.0
CLM-000846,Amy Johnston,drodriguez@example.com,806-961-6903,POL-226737,home,2023-11-04,2025-07-11,Forward around brother least style policy.,2025-07-12,12430.4,50000,24.86,1,11024.24,4,"Harrison, Lynch and Leonard",11759.05,5,Organization without include allow us hold any leave pattern still.,NONE,FALSE,0.0
CLM-000847,Scott Dixon,palmerkaren@example.net,847.879.8882x43759,POL-609529,auto,2024-02-12,2026-06-01,Rather you language effect maybe voice doctor their war now key tonight.,2026-06-04,19829.38,50000,39.66,3,16713.41,4,Freeman-Cook,20355.4,5,Administration speech create seven wait his teach risk because structure high share miss at adult.,NONE,FALSE,0.0
CLM-000848,Theresa Goodwin,mparker@example.net,437-516-5094,POL-612537,auto,2024-08-01,2025-01-03,Health now police light much someone brother.,2025-01-06,5096.05,100000,5.1,3,4913.92,0,"Gallegos, Brown and Rodriguez",5917.17,6,Remember high oil age every key answer it figure out.,NONE,FALSE,0.0
CLM-000849,Robert Brown,jacobsjeffrey@example.com,(278)291-1926,POL-454233,home,2023-05-25,2024-10-22,May year whatever anyone institution two authority which factor team investment police that.,2024-10-26,11888.12,100000,11.89,4,12486.54,4,Davis-Woods,11172.96,4,Range structure everything wife important tend anyone why garden million without never exactly question effort positive machine.,NONE,FALSE,0.0
CLM-000850,Erica Washington,yolanda03@example.org,815.418.6175,POL-799631,home,2025-07-24,2026-01-22,Rather particularly plant life enough where particular.,2026-01-27,13092.74,100000,13.09,5,13877.04,2,"Sanford, Reed and Hunter",12134.28,7,Congress guy out also act team special discussion energy performance care certain try.,NONE,FALSE,0.0
CLM-000851,Amy Murphy,melissa26@example.net,(439)355-4344,POL-514603,home,2024-01-25,2025-08-30,Mission above building possible fund if everybody between whole.,2025-09-05,12848.2,50000,25.7,6,10455.17,5,Clark PLC,14994.02,8,Work south eat town daughter gun mean democratic manager brother floor coach floor race response.,NONE,FALSE,0.0
CLM-000852,Michael Davis,ashleysalinas@example.com,001-565-762-8073,POL-841561,auto,2023-04-20,2024-12-25,Activity remember task for for model.,2024-12-28,13272.41,100000,13.27,3,13126.85,5,Casey-Jackson,13174.92,8,Among teach must mind cost same miss security office test see age into sell.,NONE,FALSE,0.0
CLM-000853,Jonathon Ford,oscarmills@example.com,(382)326-2316x750,POL-748758,umbrella,2024-04-02,2025-12-13,Cup career wait section write Democrat feeling believe toward experience.,2025-12-14,13234.37,50000,26.47,1,13595.46,4,Woods-Rogers,13982.46,6,Surface nation recent instead save bed would would onto line modern technology real support easy contain.,NONE,FALSE,0.0
CLM-000854,Whitney Yates,dianafrank@example.net,+1-465-775-3764x451,POL-657695,auto,2026-06-05,2026-07-24,Choice college activity who prevent size sign story put son.,2026-07-29,18040.42,50000,36.08,5,15920.47,1,Chapman Ltd,17563.9,8,Business military language next think heavy trouble it or present painting enjoy avoid week price more.,NONE,FALSE,0.0
CLM-000855,Charles James,ssmith@example.org,785.871.0363x0569,POL-946118,umbrella,2023-12-12,2025-09-23,Firm alone ok party available Democrat collection more.,2025-09-30,17865.46,50000,35.73,7,16009.76,4,"Aguilar, Leon and Smith",16320.01,3,Threat service million himself all attention this about between other company where region agent sister including ahead practice word.,NONE,FALSE,0.0
CLM-000856,Richard Nelson,htaylor@example.org,(367)276-3831,POL-653545,home,2024-11-11,2026-01-06,Do throughout recognize another option light why forget side.,2026-01-09,9303.33,50000,18.61,3,8160.45,0,"Baldwin, Green and Wilson",11107.58,7,News whether assume moment section evidence coach before west three bit.,NONE,FALSE,0.0
CLM-000857,Manuel Alexander,dsmith@example.org,+1-931-721-7817x04232,POL-905625,auto,2024-06-30,2025-01-03,Name begin bag fish speech agency despite tax break general tend cold.,2025-01-05,6421.68,50000,12.84,2,5728.38,3,Davis-Beasley,7086.85,3,Act general best amount wind stay least probably Congress food.,NONE,FALSE,0.0
CLM-000858,Carolyn Lee,joneselaine@example.org,(609)881-9401,POL-847949,auto,2024-03-22,2025-02-20,Hold tend door idea very manager thus church plan executive any require what.,2025-02-25,19261.34,50000,38.52,5,17662.3,2,Hamilton and Sons,18158.4,5,Director whether gun born I could car wind along successful office help build each these.,NONE,FALSE,0.0
CLM-000859,Nicholas Morgan,jeffreymartinez@example.net,(873)809-2407x4135,POL-226842,auto,2024-10-07,2025-06-01,Draw nor develop himself produce military well lose customer painting.,2025-06-04,8134.75,100000,8.13,3,7092.58,4,"Flores, Gordon and Park",8751.44,6,Somebody fear hot race maintain analysis require issue drop.,NONE,FALSE,0.0
CLM-000860,Aaron Greer,perezjonathan@example.net,(258)446-4201x819,POL-220671,home,2024-09-05,2024-12-06,College believe within black mission use according season.,2024-12-11,15295.41,50000,30.59,5,13697.05,4,"Rodriguez, Tucker and Bailey",15633.79,6,Why build work official claim spring left plant sort exactly behind hot city certainly PM middle watch.,NONE,FALSE,0.0
CLM-000861,Megan Reed,kmueller@example.org,(704)587-1036,POL-119527,home,2025-01-14,2026-09-03,Maintain sell because factor central white team light rather.,2026-09-04,8742.38,50000,17.48,1,9520.82,5,"Walls, Pace and Rogers",8134.37,7,Tell guy happy address nice anything certain pay adult interview.,NONE,FALSE,0.0
CLM-000862,Craig Edwards,derek72@example.net,236-310-9098x245,POL-526504,home,2025-07-16,2025-11-08,Report professor kind character cup accept fast man six.,2025-11-14,15919.07,50000,31.84,6,16776.84,4,Jackson LLC,15298.82,4,Friend traditional dark probably could sea late cost cost agreement office federal.,NONE,FALSE,0.0
CLM-000863,Michael Davis,tiffanycole@example.org,(884)382-8173x933,POL-357070,umbrella,2023-07-24,2024-10-29,Set where threat myself soon interest.,2024-11-01,11268.36,50000,22.54,3,12264.55,4,"Cantrell, Hamilton and Rodriguez",11668.64,3,Sit wall expect everyone impact wall look employee never green.,NONE,FALSE,0.0
CLM-000864,Kristen Dorsey,garnerchristian@example.com,499.892.5709,POL-403300,umbrella,2024-06-23,2025-01-10,Across minute pick share blood draw put.,2025-01-17,9828.39,100000,9.83,7,7864.31,3,Morris LLC,9651.39,5,Action control understand than must important strategy brother several business stuff.,NONE,FALSE,0.0
CLM-000865,Peggy Lopez,lisawise@example.org,230-367-3083x03884,POL-983360,umbrella,2025-08-06,2026-04-10,Pm less I central read assume ten but admit actually majority.,2026-04-17,13919.96,100000,13.92,7,13579.59,4,Lane Inc,13702.72,4,Government machine will service give religious agency job want yes threat easy lawyer its debate poor early sign understand fish.,NONE,FALSE,0.0
CLM-000866,Jeff Edwards,kweber@example.com,(963)227-3243,POL-194073,home,2024-04-02,2026-04-17,Put play bad project American important share raise.,2026-04-23,11147.7,50000,22.3,6,9329.43,1,Bradshaw LLC,12457.8,5,Rate final again large million task change officer medical his.,NONE,FALSE,0.0
CLM-000867,Mark Reynolds,lisa19@example.org,202.342.3637x4373,POL-320855,home,2024-04-27,2026-01-30,Wide moment enjoy expert could teacher loss budget.,2026-03-28,17000,100000,17.0,57,12168.29,3,Brady-Thomas,18596.86,1,Assume science expert high to agent day leave loss social director.,inconsistent_narrative,TRUE,0.14
CLM-000868,Roger Morris,laura64@example.com,811.868.8592,POL-805383,auto,2024-02-20,2025-05-18,List risk add test mission page difference create.,2025-05-23,10054.05,100000,10.05,5,9719.62,5,Evans Ltd,11169.95,6,Listen save three identify top act morning another question want today meet per seem provide.,NONE,FALSE,0.0
CLM-000869,Renee Lopez,ryanmcdonald@example.com,001-360-387-3631x493,POL-782902,auto,2023-08-30,2025-04-02,Later card charge scene minute yet figure according.,2025-04-07,2541.83,100000,2.54,5,2057.06,5,Smith Ltd,2627.12,3,Skin discover nothing pressure I majority effort continue local night wind never believe there understand little capital recognize player.,NONE,FALSE,0.0
CLM-000870,Ashley Jones,rachael92@example.com,001-288-530-2136x716,POL-730520,home,2025-02-21,2026-04-23,Mean authority rise service lawyer actually memory finally yes.,2026-04-26,19468.74,50000,38.94,3,16609.87,5,Moore-Gentry,23267.84,3,Most audience full air onto individual Mr community member during participant determine possible.,NONE,FALSE,0.0
CLM-000871,Courtney Sherman,waterspatricia@example.org,481.546.9539x536,POL-109818,auto,2023-03-09,2025-05-07,Amount cold feel memory between quickly future son.,2025-05-11,8039.13,50000,16.08,4,6479.01,2,"Decker, Norman and Moore",8876.54,8,Stage home need ask office history also be region.,NONE,FALSE,0.0
CLM-000872,Stephen Smith,samuel20@example.net,862.448.7485,POL-755608,home,2022-07-01,2024-11-04,Staff name window international audience unit sort candidate.,2024-11-07,4638.72,100000,4.64,3,4709.89,1,Stevens-Russell,5538.8,5,Wind could then rather political relationship imagine notice old interview significant factor recently order economy despite.,NONE,FALSE,0.0
CLM-000873,Michael Lowe,xfigueroa@example.com,001-418-645-3577x77859,POL-841309,umbrella,2025-10-18,2026-06-19,Measure including movie race source treatment court factor must not.,2026-06-20,6334.37,100000,6.33,1,5081.06,5,Lee PLC,6453.62,5,Also candidate environment above goal suggest market artist building look military pay smile onto national author.,NONE,FALSE,0.0
CLM-000874,Aaron Young,kclark@example.net,203-880-4374x1269,POL-303182,umbrella,2023-05-02,2025-06-26,Five build model since big stay leg wonder term summer.,2025-07-01,10506.19,50000,21.01,5,10187.98,5,"Shaw, Weber and Clark",11356.05,4,Dog performance allow put some onto consider top at wait.,NONE,FALSE,0.0
CLM-000875,Francisco Turner,jlewis@example.net,907-505-6055,POL-233620,home,2022-09-28,2025-06-09,Response several study break occur according agreement it here bring these sound.,2025-06-10,12175.13,100000,12.18,1,11821.7,1,Keller and Sons,14175.52,8,Key image source clearly factor hear over reflect before be.,NONE,FALSE,0.0
CLM-000876,Stephanie Montoya,vmurphy@example.com,560-468-3426x053,POL-124240,umbrella,2023-02-18,2025-02-11,Financial relate weight open help anyone region talk rise rate message serious military already.,2025-02-18,6212.23,100000,6.21,7,5963.01,2,Roberts Inc,6859.57,6,Industry development figure knowledge four catch sea building nor drop late argue.,NONE,FALSE,0.0
CLM-000877,Stephanie Clark,burkegwendolyn@example.com,212.213.4557,POL-781605,auto,2022-07-18,2025-01-07,Control husband sit system news capital economic high decide industry land money.,2025-01-08,18819.92,100000,18.82,1,20356.15,3,Ramos Inc,21705.06,6,Board skin expect door magazine low here main guess oil really cut campaign weight even own.,NONE,FALSE,0.0
CLM-000878,Kevin Ruiz,kimberly91@example.org,6946540289,POL-619647,home,2024-02-13,2025-08-25,Nice say catch subject land number what dog.,2025-08-28,3312.64,100000,3.31,3,3404.42,5,Hughes-Adams,3204.53,5,Minute subject page on owner account she million discussion tree would father much dream once second tonight experience apply.,NONE,FALSE,0.0
CLM-000879,John Lopez,chavezmichael@example.com,627-286-1095x47287,POL-510893,auto,2024-03-26,2025-04-02,Fish bed party particularly use high account large collection next think.,2025-04-06,11115.8,50000,22.23,4,9165.45,4,Edwards PLC,12697.6,8,Participant boy tough nice position movement lose a rest group blood office public democratic sort physical world hour we study.,NONE,FALSE,0.0
CLM-000880,Mrs. Patricia Mejia PhD,christopherhaas@example.com,386-826-6786,POL-178056,auto,2025-12-02,2026-07-21,Somebody she hot social budget action cup season.,2026-07-23,19583.82,50000,39.17,2,16633.41,2,Anderson-Cohen,17994.66,8,Middle field particular I hand stay note laugh sing different father white sort stage whole power expert car present herself.,NONE,FALSE,0.0
CLM-000881,Amanda Jones,michellegilbert@example.com,728.800.9205x36504,POL-125190,umbrella,2022-06-21,2024-10-14,International industry always until over theory could size firm south address evening.,2024-10-15,1529.58,50000,3.06,1,1511.06,2,Reilly Ltd,1762.31,4,Force ready receive certainly institution individual suffer prepare company last true western number sure source difficult stock.,NONE,FALSE,0.0
CLM-000882,Emily Moore,arnoldjonathan@example.com,266.516.2950x641,POL-972957,auto,2023-03-06,2025-07-24,Movement as practice there main early.,2025-07-25,9997.95,100000,10.0,1,8998.92,1,Little LLC,11828.22,7,Deep play into red today example security camera probably article set.,NONE,FALSE,0.0
CLM-000883,Jennifer Leonard,rgreen@example.org,598-792-8914,POL-568143,umbrella,2025-05-05,2025-10-09,Fund spring energy conference picture who involve stop.,2025-10-14,9332.06,50000,18.66,5,7705.11,0,"Barnett, Henderson and Adkins",10965.3,6,Market wrong be serve site yourself exist represent somebody.,NONE,FALSE,0.0
CLM-000884,Phillip Hampton,nchambers@example.org,450.258.2405x54651,POL-920664,auto,2026-02-17,2026-05-21,Pattern product popular board person site give option despite keep foreign.,2026-05-24,17911.59,100000,17.91,3,19268.12,3,Hall LLC,16414.84,7,Evening finally whole other economy throughout serve natural read effect admit once close treat senior blue great understand what.,NONE,FALSE,0.0
CLM-000885,Spencer Peterson,bonniesweeney@example.org,001-443-629-2620x55556,POL-158500,umbrella,2025-08-01,2025-10-23,Marriage his generation under national detail worker director drug oil eye author official.,2025-10-29,9204.94,50000,18.41,6,8178.36,3,Miller-Ryan,9393.69,7,Government knowledge key TV size more talk quickly not lot rise store drug knowledge cup radio author owner.,NONE,FALSE,0.0
CLM-000886,Mason Vincent,richard07@example.com,762-956-7032x71887,POL-925727,umbrella,2023-09-22,2025-07-21,Apply often that professor alone game word town animal hundred.,2025-07-28,8811.05,100000,8.81,7,7076.88,3,"Pruitt, Tanner and Pollard",9157.0,6,Ok plan stay try edge yet couple cold chance pick effort to.,NONE,FALSE,0.0
CLM-000887,Cynthia Garcia,imiller@example.net,+1-801-612-0367x291,POL-808602,auto,2023-11-16,2025-03-24,Throw bar police word indeed inside low.,2025-03-29,12765.38,50000,25.53,5,12193.03,4,Burns PLC,12225.97,3,Get kitchen inside career red agent easy west too seven cover prepare away.,NONE,FALSE,0.0
CLM-000888,Kelly White,eric90@example.org,541.366.4308x6042,POL-927763,auto,2022-11-05,2025-06-18,Make defense surface feel student edge exactly break herself so article.,2025-06-19,12308.33,50000,24.62,1,11963.25,5,Chung-Young,12956.6,5,More those clearly eight myself always learn south agent produce likely special story result risk pretty lay.,NONE,FALSE,0.0
CLM-000889,Denise Little,isingh@example.net,(675)979-0336x759,POL-294954,auto,2025-09-11,2026-02-28,With street again on peace peace stuff design station low executive respond I.,2026-03-04,10146.59,100000,10.15,4,10543.4,0,Robinson Inc,9520.59,7,Above firm degree enough deep enough stand company skin support able child well light front land dark remember pattern.,NONE,FALSE,0.0
CLM-000890,Ann Coleman,matthewgarcia@example.org,+1-230-235-8217x2633,POL-789624,umbrella,2025-10-24,2026-04-20,Network wind sport writer actually threat middle investment reason.,2026-05-18,18000,50000,36.0,28,14582.09,2,Martin LLC,18479.13,4,Again fight they art word race single two camera beyond knowledge reduce might a most believe worker process.,inflated_loss_value,TRUE,0.18
CLM-000891,Jeffrey Hall,david52@example.com,637.811.0706x8686,POL-171726,home,2024-12-26,2025-08-06,Beyond line dog themselves style into notice course level.,2025-08-08,13170.54,50000,26.34,2,13175.26,5,Cooper LLC,14587.06,6,Know here on now reason response specific determine stop hear hold too alone rise wind practice prevent.,NONE,FALSE,0.0
CLM-000892,Derek Ramsey,jennifer07@example.net,251-699-6323,POL-693595,home,2024-05-12,2026-03-03,Treat character response industry reduce guess who part relate rather pick discover.,2026-03-08,14155.86,100000,14.16,5,12597.15,2,"Ayala, Davis and Martinez",13429.44,6,Raise training similar its natural shake beautiful rest role huge product social cover wife offer around walk police democratic use.,NONE,FALSE,0.0
CLM-000893,Jennifer Morris,schwartzsarah@example.com,493.347.2441x676,POL-103876,umbrella,2024-07-13,2025-03-28,Make face after imagine matter candidate policy cause month role mission agency.,2025-04-04,18300.32,50000,36.6,7,18446.1,3,"Dodson, Jackson and Allison",19895.67,4,Inside collection remember American fine enter smile help just town.,NONE,FALSE,0.0
CLM-000894,Chelsea Boyd,ellentapia@example.net,966.834.0419x744,POL-447618,umbrella,2024-01-02,2025-02-19,Resource sure can husband particularly might former several include concern.,2025-02-23,14957.14,100000,14.96,4,12887.0,1,Wood-Murray,17168.18,3,He prevent pick father employee lawyer Republican street according age south keep raise.,NONE,FALSE,0.0
CLM-000895,Kari Barnes,hholmes@example.org,+1-531-527-6078,POL-681636,auto,2025-08-18,2026-02-09,Parent music PM them camera eight camera step sound must.,2026-02-12,1187.95,50000,2.38,3,1053.92,1,Hughes Inc,1294.15,5,They southern finally maintain record good imagine southern better population official body.,NONE,FALSE,0.0
CLM-000896,Ricardo Lin,sotomaria@example.net,+1-435-984-4801x2771,POL-397901,auto,2025-04-21,2025-12-31,Recently trip history maybe full still own strategy benefit late even now.,2026-01-01,19530.88,50000,39.06,1,20812.39,5,Smith-Fox,18598.97,7,Agreement soon there Mrs safe coach play television end best pay home.,NONE,FALSE,0.0
CLM-000897,Christopher Cunningham,ufisher@example.org,(858)272-8023x86562,POL-983825,home,2023-03-03,2025-10-20,Never half myself protect build moment.,2025-10-22,4392.29,50000,8.78,2,3647.17,5,"Dixon, Smith and Wright",4133.91,8,Forward crime Mrs national however model look civil right.,NONE,FALSE,0.0
CLM-000898,Terry Lutz,gibsonbryan@example.net,869-422-3976,POL-320449,home,2025-01-09,2026-05-21,Hand attorney surface recent wish yeah arrive.,2026-05-28,17815.22,50000,35.63,7,15535.67,2,Roberson Ltd,19565.97,7,Lawyer care production story reason final start choice next describe Mrs.,NONE,FALSE,0.0
CLM-000899,Christopher Macias,anitawise@example.net,+1-474-595-5910,POL-845476,auto,2025-12-24,2026-05-24,Growth support mean lay whom throughout power energy pressure.,2026-05-31,19956.2,100000,19.96,7,16829.66,1,"Black, Lynch and Clay",22719.52,4,Production ago fly travel major debate recently change important even.,NONE,FALSE,0.0
CLM-000900,Amy Clarke,caleb79@example.com,+1-320-327-9891x4548,POL-728672,home,2023-12-30,2025-11-10,Weight when list class evidence situation feeling school establish either success office company.,2025-11-15,8185.72,50000,16.37,5,7149.12,0,Tran PLC,9241.06,7,Get music against those prevent would stock newspaper product green soon ball tough expect decision several.,NONE,FALSE,0.0
CLM-000901,Frank Thomas,markvang@example.net,001-356-480-8469x00158,POL-255783,home,2025-03-30,2026-01-07,Herself charge region fall population raise six question.,2026-01-09,17234.27,50000,34.47,2,14062.78,2,Taylor LLC,20023.73,7,Occur always to large catch reason sit anything voice speak list.,NONE,FALSE,0.0
CLM-000902,Dustin Mendoza,stephen30@example.net,+1-335-272-8909,POL-185362,home,2023-05-13,2025-08-29,Respond stop economic political film show.,2025-09-03,17830.85,50000,35.66,5,17813.92,0,Wagner LLC,16943.41,6,Animal child crime firm test live general eat worker step yeah.,NONE,FALSE,0.0
CLM-000903,Tara Sweeney,ccooper@example.com,001-855-825-8685x6850,POL-492446,home,2024-09-14,2026-03-29,Worry may modern price finally win list difference anything.,2026-04-05,17766.02,100000,17.77,7,16687.27,2,Cooper LLC,19786.83,7,Political future economic experience perform give one player wish experience lawyer expert brother recognize head forget.,NONE,FALSE,0.0
CLM-000904,Craig Williams,deborah18@example.org,001-761-638-7595,POL-596771,home,2024-06-20,2026-03-07,Concern modern billion course this positive eye pattern.,2026-03-13,10182.64,100000,10.18,6,9370.92,4,"Stevens, Nixon and Murray",11149.19,4,Ball accept blue really kid six family stand here stop.,NONE,FALSE,0.0
CLM-000905,Sharon Meyer,samuelcooley@example.org,+1-569-847-4934x76889,POL-345770,home,2025-02-01,2025-10-12,Hospital say red money lose least film.,2025-10-14,18002.81,50000,36.01,2,16054.9,3,"Stewart, Craig and Fernandez",19288.41,5,Ball peace play class attack reason student save policy agree fly professional.,NONE,FALSE,0.0
CLM-000906,Jacob Terry,ievans@example.net,+1-745-795-8769,POL-188109,home,2023-08-19,2024-12-16,That behind color middle dinner many drop term body minute ready give try.,2024-12-19,11460.49,50000,22.92,3,10952.17,1,Jackson and Sons,12322.19,6,Foreign response cut specific realize argue see eye five matter true she year.,NONE,FALSE,0.0
CLM-000907,Raymond Cook,candice86@example.org,(470)323-1740,POL-590262,home,2025-01-31,2026-04-24,While able place machine discussion father.,2026-04-29,12801.39,50000,25.6,5,11652.51,3,Clark Ltd,12738.74,6,Able power whom section wife decade right huge available idea conference source professional manager specific former.,NONE,FALSE,0.0
CLM-000908,Sherri Adams,staceydickerson@example.org,223.468.5044x8526,POL-776703,auto,2023-10-17,2024-11-17,Free pretty child collection along floor right growth spend.,2024-11-18,4411.75,50000,8.82,1,4722.53,2,Williams Group,5085.78,7,Which year party above half most page list suffer close.,NONE,FALSE,0.0
CLM-000909,Amanda Brooks,jefferydiaz@example.com,(938)659-8182x8439,POL-338804,auto,2024-10-23,2025-03-23,So oil amount them respond major where stay subject traditional about perhaps.,2025-03-28,13229.43,100000,13.23,5,10866.71,0,"Montes, Sullivan and Price",14073.57,5,Purpose act edge this have bill southern administration include stuff get follow organization partner whom although huge movement however.,NONE,FALSE,0.0
CLM-000910,Nicole Marquez,jamesroberts@example.org,930-306-3191x069,POL-881410,umbrella,2023-06-03,2025-11-14,High drug option seven someone before feeling responsibility street.,2025-11-16,13827.04,50000,27.65,2,12200.14,5,Kelley Inc,14949.94,4,Staff describe network quickly trouble set especially respond capital explain form.,NONE,FALSE,0.0
CLM-000911,Kristopher Jackson,andrewhall@example.org,001-500-701-3278x92824,POL-373820,auto,2022-09-21,2024-12-17,Political structure note research do discover.,2024-12-24,15295.28,100000,15.3,7,13610.39,2,Munoz Group,17359.2,6,Player machine improve open thus recent ever same son experience tonight.,NONE,FALSE,0.0
CLM-000912,Shannon Oneill,xcarpenter@example.org,(514)808-3070x9063,POL-112468,home,2023-11-07,2025-10-06,Can way travel return free like.,2025-10-10,16615.37,100000,16.62,4,15847.64,1,"Martin, Jones and Reese",19267.84,4,Investment onto factor speech protect occur remain ten crime risk consumer feeling.,NONE,FALSE,0.0
CLM-000913,Douglas Martin,gabrielfrey@example.net,538.713.8522,POL-831844,home,2025-11-30,2026-08-01,Yes his magazine agree ok relate try stand amount rest benefit everyone avoid.,2026-08-16,9000,50000,18.0,15,6150.87,2,Morgan-Martin,9111.69,3,Would edge hard kind ago program population determine relationship toward recently give evidence training reason party country poor learn both.,inconsistent_narrative,TRUE,0.14
CLM-000914,Kristen Burnett,jaredboyd@example.net,+1-995-791-9053x0945,POL-949767,umbrella,2024-02-12,2026-07-15,Generation meeting yard generation training can consider recently course accept above instead thousand.,2026-07-18,18923.73,50000,37.85,3,17152.44,1,"Graham, Li and Shaw",19410.91,8,Hour lead letter picture glass sea better natural science west herself guy new side.,NONE,FALSE,0.0
CLM-000915,Brenda Richard,francismason@example.org,+1-854-911-0556x24126,POL-663718,home,2024-11-02,2025-10-31,To medical skill value still wear school nothing few along customer.,2025-11-07,8664.01,100000,8.66,7,8456.82,4,Jackson-Roberts,9838.91,4,Service without choose involve establish risk different within plant far determine than receive town subject.,NONE,FALSE,0.0
CLM-000916,Benjamin Hernandez,james10@example.net,356-483-0953,POL-695791,umbrella,2024-05-11,2026-09-06,Yard clear teacher I only example near article.,2026-09-08,19567.62,100000,19.57,2,19193.89,4,Santos-Contreras,20979.69,6,Example media physical than already work say least bag always attorney already career yourself.,NONE,FALSE,0.0
CLM-000917,Alexandra Myers,sherri11@example.net,574.390.0449x10072,POL-660453,home,2026-01-09,2026-08-19,True common air nothing debate require increase argue enter.,2026-08-23,4879.89,50000,9.76,4,4598.97,2,Jones Group,5225.65,6,Provide ever whose avoid song have act because road.,NONE,FALSE,0.0
CLM-000918,Amanda Perry,zwallace@example.com,+1-714-314-8351x5609,POL-209380,umbrella,2024-02-01,2025-09-19,Rest use listen rate assume sing music boy who.,2025-09-25,18000.13,50000,36.0,6,15359.35,5,Wilson Ltd,19458.31,3,Company right suffer eight seem pattern enjoy along bit tax white action effort recently material water girl.,NONE,FALSE,0.0
CLM-000919,Kathleen Porter,lopezadam@example.org,408-745-2408x86096,POL-504639,home,2024-04-10,2024-12-06,Spend imagine between address us save party down.,2024-12-08,4780.98,100000,4.78,2,4159.03,5,Whitaker PLC,5055.02,6,Want relate especially arrive specific particularly measure clearly rest person.,NONE,FALSE,0.0
CLM-000920,Rick Taylor,zacharywest@example.com,001-415-894-9254x3450,POL-442645,home,2025-05-25,2026-07-29,End community drug view item organization hour join everything artist bar.,2026-07-30,8004.39,50000,16.01,1,6780.6,0,Jones-Cannon,7514.05,6,Policy career there chance even affect international likely pay do history learn at manage member three edge approach participant.,NONE,FALSE,0.0
CLM-000921,Mike Callahan,jamesgill@example.com,292.308.2366x162,POL-316509,auto,2022-08-13,2025-02-19,Step true operation whose safe quickly high successful husband think no.,2025-02-23,15119.71,50000,30.24,4,13028.7,3,Tapia-Henderson,17317.64,8,Within surface after even pull person score Congress pretty watch local.,NONE,FALSE,0.0
CLM-000922,Jason Hampton,zperez@example.org,899.250.6667,POL-425387,umbrella,2025-11-02,2026-06-27,Government moment ago already story any part nature amount personal.,2026-07-01,4016.84,100000,4.02,4,3818.98,5,Ward Ltd,4168.22,4,Seven stop goal wish he issue far son one see simple such end individual hotel head recognize other seem once.,NONE,FALSE,0.0
CLM-000923,Brandon Wilson,harmonrachel@example.net,+1-436-378-4903,POL-964637,home,2024-11-07,2026-08-18,Kind nor western behavior budget long keep he why you so.,2026-08-19,19830.62,50000,39.66,1,20668.86,4,Lopez-Snyder,19804.19,7,Scene black stand great vote teacher throw per appear Mrs statement hour.,NONE,FALSE,0.0
CLM-000924,Amy Coleman,angela75@example.com,953.251.5347x4392,POL-873105,auto,2025-08-14,2026-07-04,Bit arm nation several resource debate music task break eat century tend.,2026-07-08,9743.89,100000,9.74,4,9684.35,3,"Hernandez, Allen and Knox",9783.2,8,Act rate agency less major minute southern government though human none material how fine time answer.,NONE,FALSE,0.0
CLM-000925,Natasha Mccarthy,brobbins@example.net,(722)677-2610,POL-949330,auto,2023-11-22,2025-02-19,College high second conference power surface.,2025-02-26,6651.53,100000,6.65,7,5818.36,4,Kelly-Rivera,7449.54,6,Total religious onto him medical husband economic within office describe court.,NONE,FALSE,0.0
CLM-000926,Heather Mcdowell,patelgregory@example.net,287-261-4443x3736,POL-696236,auto,2024-09-04,2025-11-10,Forget fund sing life fill hot democratic more design effort report administration.,2025-11-14,18305.83,50000,36.61,4,18481.45,0,Mitchell PLC,17791.59,4,Politics Mr someone church dark human wear bad attorney with whether born.,NONE,FALSE,0.0
CLM-000927,Nicholas Hoover DVM,bwilliams@example.com,(558)797-8242x56582,POL-799040,auto,2024-04-13,2026-04-27,Reflect trouble physical feel far from ready thing nearly.,2026-04-30,17768.56,100000,17.77,3,18087.71,1,Rose and Sons,20835.79,6,Help way hope sense model your family most you case represent soldier write.,NONE,FALSE,0.0
CLM-000928,Stephanie Glenn,elizabeth30@example.com,8792190487,POL-180251,auto,2023-07-24,2025-01-20,Grow middle share soon treatment draw.,2025-01-27,11503.65,100000,11.5,7,11848.32,2,Pacheco-Jones,11768.57,4,Month owner population edge event beautiful decade single nice blue practice sell remain certain glass leader trip develop such animal.,NONE,FALSE,0.0
CLM-000929,Michael Santos,ramosronald@example.com,550-805-3576x03673,POL-128015,auto,2023-03-21,2025-02-02,Especially will line be green stock.,2025-02-05,4940.07,50000,9.88,3,4981.3,5,Navarro-Hernandez,5130.61,5,Join remember political meet show somebody choose record present indicate nation away month receive race.,NONE,FALSE,0.0
CLM-000930,Antonio Hughes,monica60@example.org,541.796.4000x9256,POL-139609,auto,2025-05-25,2026-03-07,Pressure interview call minute personal who listen long foreign a difference voice likely.,2026-03-13,8587.49,50000,17.17,6,7165.44,1,Campbell Inc,8571.46,8,Later probably according campaign positive clear stand something population it game now.,NONE,FALSE,0.0
CLM-000931,Ivan White,kathleen54@example.org,749.789.3975,POL-675069,umbrella,2025-10-03,2026-07-08,Human fear voice Congress any official just forward those.,2026-07-12,10210.43,50000,20.42,4,10354.14,3,Glenn-Howard,9619.01,5,Particular without remain whom attention no pretty his reality parent strong artist.,NONE,FALSE,0.0
CLM-000932,Erin Sharp,wbrown@example.net,634.443.0299x73854,POL-736473,auto,2025-10-29,2026-05-28,Art past yet employee thought share feeling interesting modern.,2026-06-04,4065.96,100000,4.07,7,3611.56,4,"Ramsey, Burton and Dawson",4563.77,4,Player another Republican hundred thousand subject visit company close keep let born knowledge lay lose wall be threat but.,NONE,FALSE,0.0
CLM-000933,Patrick Lewis,pkirk@example.net,873.414.0319x16661,POL-386525,auto,2025-02-20,2026-06-16,Section produce pay nation rich poor it they hotel.,2026-06-17,13756.45,50000,27.51,1,12482.96,1,"Jones, Taylor and Collins",15329.14,8,Wind picture call management present threat need key would lay hotel kitchen point million number least cell lay have.,NONE,FALSE,0.0
CLM-000934,Whitney Harper,zavalaanthony@example.net,441.637.3454,POL-977135,umbrella,2022-09-06,2025-01-13,Strategy stand benefit assume then military control Congress at both not base.,2025-01-18,5107.16,100000,5.11,5,4886.85,5,Casey Inc,5694.09,3,State itself line into property culture that decide soldier hospital tell fine network cover threat claim follow.,NONE,FALSE,0.0
CLM-000935,Isaac Sanchez,lisadavis@example.org,(754)967-5914,POL-727263,auto,2024-06-27,2024-09-14,Amount believe source ability investment price call necessary cost attack entire type.,2024-09-18,14116.59,50000,28.23,4,14564.41,1,Parker-Price,16638.46,5,Size themselves pattern middle sound win join its information system feel protect.,NONE,FALSE,0.0
CLM-000936,Katie Wilson,mgalvan@example.org,(473)392-0604x29429,POL-129301,auto,2025-02-06,2026-02-16,Pass company land whatever politics social game.,2026-02-18,4799.73,50000,9.6,2,5021.28,5,Guzman-Webb,5282.99,4,Art often debate lose themselves behind use democratic character option measure onto.,NONE,FALSE,0.0
CLM-000937,Sandra Williams,pamela59@example.com,276-216-8068x0304,POL-276037,umbrella,2025-10-12,2026-05-01,Radio recent thank minute bad red customer star total deep.,2026-05-02,16141.56,100000,16.14,1,13126.38,4,Butler LLC,15048.86,5,Energy control save blue travel general off people school position candidate bank raise organization why others successful year.,NONE,FALSE,0.0
CLM-000938,Lindsey Jones,fcarter@example.net,(359)820-5948x36090,POL-317180,umbrella,2024-09-29,2025-12-07,Add series future word product wrong indicate perhaps factor part hair suddenly.,2025-12-10,11679.03,50000,23.36,3,12632.94,0,Rios PLC,11325.42,3,Debate arrive sure increase watch he friend sound worker social grow condition side whole seat until quality young.,NONE,FALSE,0.0
CLM-000939,Maria Barker,linkevin@example.net,404.664.8555x1693,POL-785761,home,2025-09-01,2025-10-13,Successful throughout police late society well.,2025-10-16,7143.99,50000,14.29,3,6549.3,3,Garcia-Buck,6901.3,8,Daughter current better ability message simply available how shoulder marriage reach person question growth authority medical strategy put sure.,NONE,FALSE,0.0
CLM-000940,Amanda Neal,catherinethomas@example.org,5882925857,POL-146073,auto,2022-11-19,2025-06-12,Long Democrat likely seem check happy necessary never.,2025-06-19,6290.69,100000,6.29,7,5445.02,2,"Day, Torres and Kelly",7110.14,6,Lead minute water back country window reveal give president under.,NONE,FALSE,0.0
CLM-000941,Benjamin Garcia,cjones@example.org,3482541234,POL-991777,umbrella,2024-02-27,2024-09-19,Expect foot five this record history follow guess bad especially view production respond.,2024-09-20,14538.09,100000,14.54,1,12729.29,0,"Chan, Madden and Weaver",15700.56,8,Artist style partner product building certainly eight many issue book.,NONE,FALSE,0.0
CLM-000942,Wayne Moore,georgekara@example.org,+1-361-421-6694x81001,POL-908878,umbrella,2026-01-02,2026-06-17,Despite receive but lawyer stay front happy would.,2026-06-23,8382.74,100000,8.38,6,7541.23,5,"Marshall, Sanchez and Walker",9460.05,8,Hold film fall film hotel college soon against main production poor finish.,NONE,FALSE,0.0
CLM-000943,Shannon Duncan,cooperchristina@example.org,+1-942-481-6836x257,POL-170793,home,2024-12-15,2025-02-01,Ago maybe continue expert under well strategy.,2025-02-04,19582.41,100000,19.58,3,19240.89,4,Aguilar-Hendricks,20261.4,7,Scientist toward occur security see base fund before find ground window happy performance eight phone.,NONE,FALSE,0.0
CLM-000944,Craig Arnold,josephwarren@example.net,+1-329-580-2029x17265,POL-838857,auto,2024-03-27,2024-12-20,Certainly fine friend make send would each fact when.,2024-12-26,15094.46,100000,15.09,6,12171.63,0,Taylor-Watson,14983.58,8,Despite this exactly assume administration break decision example few film.,NONE,FALSE,0.0
CLM-000945,Martin Shaw,oconnellnathan@example.net,+1-822-977-0260x497,POL-162833,auto,2023-09-23,2024-11-09,On whom view receive goal public job sister back deep address language its.,2024-11-13,15387.67,100000,15.39,4,14612.41,1,Montgomery-James,14549.06,4,Red religious couple north media watch kitchen treat pattern executive fire probably.,NONE,FALSE,0.0
CLM-000946,Bethany Davis,nicolekramer@example.com,5423259332,POL-727127,home,2024-02-06,2026-04-02,Discussion born time wear issue image television they likely.,2026-04-08,1720.23,100000,1.72,6,1828.95,1,"Parker, Rich and Perkins",1691.74,8,Maintain born you southern oil today social brother management.,NONE,FALSE,0.0
CLM-000947,Kevin Mcintyre,pwilson@example.com,660.826.4236x24588,POL-535047,umbrella,2024-02-19,2026-06-30,Surface land speech left necessary get ago prove ground really phone attack window.,2026-07-07,15449.38,100000,15.45,7,13696.44,0,Rice-Chen,14965.86,8,Any choose maintain employee meeting eight everybody visit kid stay image into appear finally.,NONE,FALSE,0.0
CLM-000948,Morgan Wilson,russellalicia@example.net,473.947.7496x7845,POL-156700,umbrella,2025-06-04,2026-03-15,Reality drug plant bill might sort mind fish many.,2026-03-18,7511.84,50000,15.02,3,7815.59,5,Martinez-Lewis,8382.09,7,Everyone should plan gas just lead southern rich over rest live kind area final policy.,NONE,FALSE,0.0
CLM-000949,William Jones,dalereilly@example.org,(772)859-2129,POL-563849,umbrella,2025-04-07,2025-05-13,Real election happen garden position phone force study marriage eye mother.,2025-05-20,8248.23,50000,16.5,7,6758.48,3,Flores-Leblanc,7596.58,4,Final choose these especially just child season site age camera every about fall number among class.,NONE,FALSE,0.0
CLM-000950,Tiffany Walter,ramseywilliam@example.com,2965737250,POL-314140,auto,2025-01-12,2025-05-15,Wind same garden result wrong crime conference hear.,2025-05-16,13052.97,50000,26.11,1,11122.47,4,Henderson LLC,15002.64,4,However nothing travel box result wonder trip mind evening.,NONE,FALSE,0.0
CLM-000951,David Meadows,garciajulia@example.org,+1-420-389-6760x40623,POL-589762,home,2024-11-06,2025-05-23,Build white letter buy heavy opportunity condition office agree mission.,2025-05-25,10641.07,50000,21.28,2,10816.67,1,Young-Avery,10930.56,7,Establish concern allow step top describe so and lay collection century level pay.,NONE,FALSE,0.0
CLM-000952,Susan Knight,stucker@example.org,+1-560-217-6787,POL-766478,auto,2025-09-29,2026-08-03,Billion southern almost glass reach oil war.,2026-08-05,6758.91,100000,6.76,2,7155.84,3,"Walker, Bradshaw and Martin",6245.27,5,Let friend especially somebody soon huge drug cost everything race human economy.,NONE,FALSE,0.0
CLM-000953,Tammy Marquez,ugarcia@example.net,(454)327-9339x970,POL-543230,umbrella,2022-12-20,2024-10-04,Prove back history stop serious find protect authority chance.,2024-10-08,8176.63,50000,16.35,4,8344.07,1,"Mathews, Stanley and Wong",9369.45,6,Enjoy bar security serious enter majority term cold produce learn these form day including step.,NONE,FALSE,0.0
CLM-000954,Ruth Baird,randy45@example.com,8487511990,POL-187275,home,2023-04-12,2025-01-10,Rule compare control identify painting set baby man front conference owner.,2025-01-11,15476.66,50000,30.95,1,14875.54,4,Maldonado and Sons,17302.82,5,Baby others want several candidate summer center give national audience kitchen so long up beautiful if quickly class prove television.,NONE,FALSE,0.0
CLM-000955,Stephanie Meyer,ryansmith@example.net,+1-533-840-8337,POL-493370,umbrella,2024-10-08,2026-07-20,Goal play consumer home mission him military.,2026-07-24,9809.37,50000,19.62,4,9262.53,2,"Blackburn, Olson and Wood",9230.59,6,Draw agent cost central your add cut important sport exactly them peace night dog develop.,NONE,FALSE,0.0
CLM-000956,Michael Robinson,lroberts@example.com,001-739-622-6894,POL-113457,umbrella,2024-03-02,2026-04-18,Material indicate then particularly rock set vote room.,2026-04-20,3939.76,50000,7.88,2,4009.11,3,"Lewis, Walton and Johnson",4023.94,6,Community trouble be yeah stock particularly bit travel indicate away may operation media seem outside no artist affect.,NONE,FALSE,0.0
CLM-000957,Christopher Thomas,kimberly52@example.org,359.742.6732x7222,POL-613331,home,2023-03-24,2025-02-07,Draw floor since hot tend could them note traditional effect.,2025-02-11,19439.36,50000,38.88,4,21310.53,0,Miller Ltd,19879.39,3,Full reduce sit attention above human simple fast or foot blood current interesting spend above save.,NONE,FALSE,0.0
CLM-000958,Ryan May,tfoster@example.com,518-313-2072,POL-303663,home,2024-07-29,2025-05-16,Report Mr wind form half approach improve design oil professor meet you skin.,2025-05-17,8311.69,100000,8.31,1,8572.52,5,Ellis-Mclaughlin,8349.7,8,Possible guess per voice oil walk others your include kind article contain culture ever fill remember.,NONE,FALSE,0.0
CLM-000959,Brian Roberts,vestrada@example.com,542.349.1626,POL-160507,umbrella,2025-02-11,2026-04-11,Life shake remain event Congress better control feeling whose blue respond opportunity.,2026-04-15,13064.62,50000,26.13,4,14083.08,5,Lee-Palmer,12725.43,6,Agreement discussion kitchen billion force all computer up music rock force media day collection big fear debate what because.,NONE,FALSE,0.0
CLM-000960,Monique Rollins,wendy17@example.org,+1-516-433-5471x543,POL-840880,umbrella,2024-12-19,2025-02-15,Few machine improve number cell purpose allow type card water.,2025-02-16,18507.9,50000,37.02,1,18678.94,5,"Barrera, Scott and Barton",17478.22,7,Community mention field leave purpose individual west woman series.,NONE,FALSE,0.0
CLM-000961,Angela Manning,shelly99@example.org,845-336-5133,POL-359433,umbrella,2024-04-25,2026-01-07,Increase realize support bank beyond step five drop.,2026-01-11,18941.04,50000,37.88,4,20561.13,1,Fleming-Webb,17117.04,3,Him back marriage employee about painting trial hear dream back blue smile spring.,NONE,FALSE,0.0
CLM-000962,Mary Hughes,mtaylor@example.com,320.841.8629x319,POL-840367,umbrella,2023-04-10,2025-11-17,Necessary those laugh sea very his election who add single bring.,2025-11-23,14520.58,50000,29.04,6,11966.48,1,Little LLC,16884.56,4,Theory laugh friend son employee study its far doctor suffer total even dinner.,NONE,FALSE,0.0
CLM-000963,James Rogers,scott90@example.net,714-725-0956x3603,POL-624966,umbrella,2024-07-05,2026-06-09,Medical mission couple wait chance people into memory.,2026-06-16,9110.56,100000,9.11,7,9711.81,4,Harris-Howard,9041.26,6,Pay blue paper think letter easy gun use region price challenge free positive write dinner.,NONE,FALSE,0.0
CLM-000964,Jared Shaw,joneslisa@example.com,(735)495-5394x506,POL-193190,auto,2024-03-18,2026-01-28,Enough including site article off left character four reason everybody land daughter strategy.,2026-02-04,17651.61,100000,17.65,7,17153.54,2,"Evans, Robinson and Collins",20198.18,5,Relate enjoy treat green financial their them often leg hope find central west guess energy finally way have seat.,NONE,FALSE,0.0
CLM-000965,Julie Mcfarland,harrisjohn@example.com,(863)707-7997x51090,POL-832964,home,2025-12-22,2026-01-27,Perform executive maintain step whom exactly source.,2026-02-02,4980.99,100000,4.98,6,5459.7,3,Cox Inc,4485.25,3,Brother science material message nor cause onto statement because record peace above one green.,NONE,FALSE,0.0
CLM-000966,Elizabeth Scott,kthompson@example.org,001-955-752-3783x904,POL-786315,home,2022-09-06,2024-10-25,Reduce fall heavy name exist station discussion decision want since surface newspaper.,2024-11-01,14230.02,100000,14.23,7,13223.74,1,Wilkerson-Delacruz,14406.41,8,At try debate fact customer apply case become American instead any product smile product school.,NONE,FALSE,0.0
CLM-000967,Jacob Garner,nancyroberts@example.org,473.334.3071x8218,POL-215593,home,2024-08-18,2026-04-20,Provide this professor notice which attack up leave play minute.,2026-04-22,4762.39,50000,9.52,2,4973.42,1,"Miller, Shaffer and Johnson",4573.24,8,Child thank truth news thought young quite travel side cell.,NONE,FALSE,0.0
CLM-000968,Joanna Andrade,kimberlyhenderson@example.com,+1-811-493-5472x86399,POL-528649,home,2024-07-14,2026-05-16,Southern professional discuss reflect whose century different little general.,2026-05-18,16374.39,50000,32.75,2,17584.32,0,Green Inc,19002.62,4,And poor pressure performance half look miss heavy drop future office police wait story agency sure lose detail turn contain.,NONE,FALSE,0.0
CLM-000969,Dr. Tiffany Phillips,trevinoheather@example.net,(268)399-2385x8552,POL-390206,auto,2024-06-01,2025-06-16,Quite born play week realize speech.,2025-06-17,6569.39,50000,13.14,1,5313.98,1,Gregory-Turner,6854.3,8,Nearly financial organization about even hand sometimes statement near wife add country care bill.,NONE,FALSE,0.0
CLM-000970,Luis Brown,kimberly98@example.org,001-510-932-0410,POL-888318,auto,2024-01-18,2025-12-29,Meet attack would training thing law other.,2026-01-05,2915.37,50000,5.83,7,2841.71,0,Murphy-Howard,2708.53,7,Choose Democrat argue argue several international until pretty deep reduce someone.,NONE,FALSE,0.0
CLM-000971,James Kim,davidmartin@example.com,(721)833-4595x82956,POL-898347,home,2022-04-24,2025-01-02,Ask west our rise suddenly allow to note.,2025-01-09,1137.98,100000,1.14,7,1076.28,2,Jones-Evans,1230.51,5,Truth set into cultural later new report statement give individual factor meet myself travel yet.,NONE,FALSE,0.0
CLM-000972,Stephanie Morris,atucker@example.com,886-650-6799,POL-430536,auto,2022-11-05,2025-07-25,At hear political fine case young former me able their.,2025-07-28,13955.34,50000,27.91,3,12676.52,3,Baker-Bernard,14144.17,3,Pay another role another since read imagine according weight hope medical site stock mean all fast individual several.,NONE,FALSE,0.0
CLM-000973,Lori Martin,henrythompson@example.org,001-338-602-9446x27635,POL-103234,home,2022-10-30,2025-05-08,Less operation likely before prove capital our forget hard south our role.,2025-05-11,17588.47,100000,17.59,3,17755.43,5,"Edwards, Merritt and Fritz",20237.76,4,Former tell fall participant structure radio successful at opportunity development give seven positive.,NONE,FALSE,0.0
CLM-000974,Joshua Wells,christian09@example.net,3183174973,POL-393042,umbrella,2023-12-05,2026-02-11,Expert parent draw interest agent myself responsibility.,2026-02-12,12436.27,100000,12.44,1,12989.88,2,Edwards Inc,12878.7,8,Pull seem painting hope support peace laugh power especially agreement relate pay happen mind.,NONE,FALSE,0.0
CLM-000975,Donna Burke,gary04@example.org,6842182865,POL-792299,auto,2025-02-14,2025-03-19,Natural company forget relationship financial free thought paper off leader strong.,2025-03-25,17527.21,100000,17.53,6,19207.27,2,Jarvis-Haas,15861.93,5,Stock often here total would race begin prove only both set staff commercial my small news here.,NONE,FALSE,0.0
CLM-000976,Rachel Chapman,amanda27@example.com,001-606-299-2269x1569,POL-441337,umbrella,2024-07-26,2025-11-22,Though surface population market buy action Republican government baby case type.,2025-11-29,1869.33,100000,1.87,7,1626.44,3,Diaz-Willis,1906.81,7,On free sit day end end crime get play institution daughter grow term reason environmental realize.,NONE,FALSE,0.0
CLM-000977,Kara Mann,hharrell@example.net,511.413.3795x23314,POL-599250,umbrella,2022-09-10,2025-03-05,Bank toward actually let serve better majority magazine own.,2025-03-12,2546.02,50000,5.09,7,2571.1,0,Sanchez PLC,2852.26,5,Service pattern American mention attention push common say store voice Congress approach example family sport dream fish page.,NONE,FALSE,0.0
CLM-000978,Kristina Perry,brenda71@example.org,325-999-0028x4224,POL-645316,umbrella,2023-06-10,2025-09-20,Religious much sit stop worker system.,2025-09-25,4706.46,50000,9.41,5,4974.92,4,Allen Group,4280.64,6,Decide alone would traditional style school list color religious police marriage development two minute.,NONE,FALSE,0.0
CLM-000979,Olivia Williams,melissa97@example.net,(285)446-2116x70062,POL-675402,home,2024-08-08,2025-02-26,Statement environmental lead simple help expect PM.,2025-03-05,2654.71,100000,2.65,7,2837.68,0,Contreras-Lewis,2773.24,7,Stock campaign series early rich analysis table bit even under help.,NONE,FALSE,0.0
CLM-000980,Sierra Carpenter,lawrencelori@example.org,648.999.4549x49725,POL-331081,umbrella,2025-09-22,2026-07-12,Probably shake eye economy strong yard quickly.,2026-07-28,8000.0,100000,8.0,16,5001.38,2,Copeland-Jenkins,8797.14,8,Either ability enjoy his beyond exist else inside song machine might sometimes school civil care thought series move something.,short_policy_coverage,TRUE,0.12
CLM-000981,Alan Castro,pattywright@example.org,784.621.3913x6997,POL-334677,umbrella,2023-01-21,2025-04-14,Despite Democrat machine time car since kid business gun structure clear break.,2025-04-15,16115.27,50000,32.23,1,17358.63,0,Arellano-Mcneil,17617.15,6,Respond system quality every better explain case director ten.,NONE,FALSE,0.0
CLM-000982,Jeremy Sloan,ereed@example.org,+1-706-432-3998x87733,POL-785684,umbrella,2023-04-27,2025-08-07,Yeah most trouble country policy hand radio.,2025-08-13,15116.39,100000,15.12,6,14641.28,3,"Stafford, Floyd and Montes",17270.99,4,City because page son side hard beyond article model she nor ready middle.,NONE,FALSE,0.0
CLM-000983,Bryan Garcia,howard17@example.net,+1-734-720-6433,POL-193469,home,2023-12-15,2026-02-10,Specific crime exist quality Republican shoulder know personal.,2026-02-13,3198.11,50000,6.4,3,3126.66,1,Williams-Frost,3592.71,3,Push democratic fact everybody cultural phone sign support tend party ball science several different heavy develop fall dinner price.,NONE,FALSE,0.0
CLM-000984,Pamela Jackson,timothy39@example.net,8713212579,POL-498663,umbrella,2023-11-09,2026-01-01,Chair surface notice me spring condition.,2026-01-06,7987.0,100000,7.99,5,6393.62,0,Davies LLC,8602.14,4,Growth yourself key now pick baby century town decision bed similar less medical ground international group trial use these answer.,NONE,FALSE,0.0
CLM-000985,Alex Thomas,hprice@example.net,(231)262-5751,POL-908746,home,2023-02-13,2025-06-08,Democratic team seek give team dream.,2025-06-15,8374.77,50000,16.75,7,8406.52,1,Chaney-Young,8843.13,7,Tax late police some seat national soon hand avoid home technology unit blue or.,NONE,FALSE,0.0
CLM-000986,Jason Haas,vstanton@example.org,829-480-3102,POL-664441,home,2023-11-17,2024-11-04,Key guy himself lawyer far reveal company go.,2024-11-09,5220.69,50000,10.44,5,4403.18,2,Johnston LLC,6009.88,6,Support soon from stage region everything heavy speech it begin have tonight weight approach.,NONE,FALSE,0.0
CLM-000987,Zachary Schaefer,eric37@example.org,666-976-2267x617,POL-252956,umbrella,2023-07-07,2025-06-17,Activity source yet friend coach central right color amount our interview wide challenge.,2025-06-23,9659.91,100000,9.66,6,10188.68,5,Munoz-Patel,8793.45,5,Even lot pay wall pretty huge reason country sure sound performance tree develop board another girl.,NONE,FALSE,0.0
CLM-000988,Stephen Morrison,saradavis@example.net,+1-254-824-0150x4379,POL-386735,umbrella,2024-09-10,2026-05-20,Ago source drive month security throughout worry population wear interview fly plant large.,2026-05-23,10545.18,100000,10.55,3,9949.22,1,"Cole, Cunningham and Juarez",11056.7,8,Employee glass factor class ok work rule summer defense morning something force middle one manager public foreign southern.,NONE,FALSE,0.0
CLM-000989,Scott Sawyer,whouse@example.com,908.615.8086,POL-260119,umbrella,2025-10-19,2026-06-21,Board suffer time total quickly task sound include audience research.,2026-06-25,2117.44,100000,2.12,4,2232.67,1,"Jensen, Moore and Rogers",2350.62,3,Keep black theory rich rock performance society than political course available short suggest.,NONE,FALSE,0.0
CLM-000990,Damon White,nicholaswalker@example.net,4146464197,POL-862729,home,2024-06-21,2025-05-23,Price deep manage most add nothing.,2025-05-30,15744.74,100000,15.74,7,17245.48,5,"Walker, Fletcher and Ingram",18479.8,4,Throughout entire audience before back couple almost eat religious agreement least more include learn arm let son doctor democratic.,NONE,FALSE,0.0
CLM-000991,Rebecca Norton,kreed@example.com,960-210-0697x7400,POL-810828,home,2024-11-27,2025-12-18,Message car picture ready huge season.,2025-12-19,11410.92,50000,22.82,1,11722.6,3,Stephens Group,10515.7,8,About treat skill specific American matter stop beyond try seek.,NONE,FALSE,0.0
CLM-000992,Michael Castro,morganraymond@example.org,810-911-8169x34910,POL-835165,umbrella,2023-10-08,2024-12-14,Pattern too successful always wonder example figure bank sort since international.,2024-12-17,6364.92,100000,6.36,3,5277.77,2,Hansen Ltd,7164.86,7,Guy note either career wide operation forget piece business land board.,NONE,FALSE,0.0
CLM-000993,Dr. Christopher Murphy,kristin96@example.com,702-742-1825x48057,POL-844056,home,2025-02-14,2026-06-27,Work color center edge should industry.,2026-07-04,16296.36,100000,16.3,7,16237.53,4,Hanna and Sons,15339.25,8,Break leg fly me marriage by rather create able admit bed deal soon.,NONE,FALSE,0.0
CLM-000994,Richard Perry,ydecker@example.com,248-222-8780x739,POL-328732,umbrella,2024-04-27,2024-12-13,Partner discover recently trial individual term serious join nothing.,2024-12-17,6530.55,50000,13.06,4,6665.05,0,Chen Ltd,6587.16,7,Support watch find particular audience wonder among society manage worker fear young foreign either store fly maybe enter fight imagine.,NONE,FALSE,0.0
CLM-000995,Bailey Watts,mrodriguez@example.com,(478)493-2873,POL-254775,home,2024-05-06,2025-08-16,Should international fly series move face matter figure order sometimes wonder.,2025-08-17,13888.04,100000,13.89,1,13941.28,1,"Torres, Burton and Holland",16357.27,3,Throughout air agreement poor sure do indeed series throughout nor grow trip.,NONE,FALSE,0.0
CLM-000996,Victoria Lewis,kevinhuber@example.net,835.766.8228,POL-155021,auto,2024-04-10,2025-10-19,Provide field top chance accept skin determine record natural both do player.,2025-10-22,19509.02,50000,39.02,3,19412.05,4,"Sanders, Sparks and Miller",20097.15,4,Public loss account trial theory boy bad security more PM study deep government participant civil.,NONE,FALSE,0.0
CLM-000997,Joel Bowen,kmorgan@example.org,(239)375-0579x2151,POL-224573,auto,2023-08-23,2024-11-01,Air official enter determine along least.,2024-11-07,14728.46,50000,29.46,6,13941.78,5,Taylor Inc,15889.75,4,From not certainly poor pick network strong moment him culture close hour knowledge say reason beyond.,NONE,FALSE,0.0
CLM-000998,Antonio Morgan,rriddle@example.org,626-542-9306x461,POL-933958,umbrella,2023-05-20,2025-04-23,Safe street road the as market remember care music organization fine financial.,2025-04-29,15158.8,100000,15.16,6,12534.56,3,Kelly LLC,17576.15,8,Employee newspaper once major from someone we machine statement prepare free parent tree new operation condition understand explain.,NONE,FALSE,0.0
CLM-000999,Nicholas Pace,davidsmith@example.com,+1-299-761-1778x5453,POL-485166,auto,2024-12-18,2025-05-19,Region national his campaign season organization support Democrat note song unit.,2025-05-23,6229.1,100000,6.23,4,5201.23,0,"Conley, Johnson and Powers",6520.41,8,Pressure scene wall organization team consumer policy hundred deal successful maintain.,NONE,FALSE,0.0
CLM-001000,Robert Moore,alyssa70@example.org,511.717.5173,POL-700446,home,2025-05-02,2026-03-08,Cultural center family none computer front fund often find network though little leader.,2026-03-13,5273.77,100000,5.27,5,5316.58,0,Hall Ltd,6003.15,4,Democratic to protect race base argue glass start Mrs side yes former city training defense interesting exactly pull dark by.,NONE,FALSE,0.0
